pulso_us,pulso_ms,duty,duty_percent
0,0.0,0,0.0
0,0.0,0,0.0
0,0.0,0,0.0
0,0.0,0,0.0
0,0.0,0,0.0
0,0.0,0,0.0
0,0.0,0,0.0
0,0.0,0,0.0
0,0.0,0,0.0
0,0.0,0,0.0
0,0.0,0,0.0
0,0.0,0,0.0
0,0.0,0,0.0
0,0.0,0,0.0
0,0.0,0,0.0
0,0.0,0,0.0
0,0.0,0,0.0
0,0.0,0,0.0
0,0.0,0,0.0
0,0.0,0,0.0
0,0.0,0,0.0
0,0.0,0,0.0
0,0.0,0,0.0
0,0.0,0,0.0
0,0.0,0,0.0
0,0.0,0,0.0
0,0.0,0,0.0
0,0.0,0,0.0
0,0.0,0,0.0
0,0.0,0,0.0
0,0.0,0,0.0
0,0.0,0,0.0
0,0.0,0,0.0
0,0.0,0,0.0
0,0.0,0,0.0
0,0.0,0,0.0
0,0.0,0,0.0
0,0.0,0,0.0
0,0.0,0,0.0
0,0.0,0,0.0
0,0.0,0,0.0
0,0.0,0,0.0
0,0.0,0,0.0
0,0.0,0,0.0
0,0.0,0,0.0
0,0.0,0,0.0
0,0.0,0,0.0
0,0.0,0,0.0
0,0.0,0,0.0
0,0.0,0,0.0
0,0.0,0,0.0
0,0.0,0,0.0
0,0.0,0,0.0
0,0.0,0,0.0
0,0.0,0,0.0
0,0.0,0,0.0
0,0.0,0,0.0
0,0.0,0,0.0
0,0.0,0,0.0
0,0.0,0,0.0
0,0.0,0,0.0
0,0.0,0,0.0
0,0.0,0,0.0
0,0.0,0,0.0
0,0.0,0,0.0
0,0.0,0,0.0
0,0.0,0,0.0
0,0.0,0,0.0
0,0.0,0,0.0
0,0.0,0,0.0
0,0.0,0,0.0
0,0.0,0,0.0
0,0.0,0,0.0
0,0.0,0,0.0
0,0.0,0,0.0
0,0.0,0,0.0
0,0.0,0,0.0
0,0.0,0,0.0
0,0.0,0,0.0
0,0.0,0,0.0
0,0.0,0,0.0
0,0.0,0,0.0
0,0.0,0,0.0
0,0.0,0,0.0
0,0.0,0,0.0
0,0.0,0,0.0
0,0.0,0,0.0
0,0.0,0,0.0
0,0.0,0,0.0
0,0.0,0,0.0
0,0.0,0,0.0
0,0.0,0,0.0
0,0.0,0,0.0
0,0.0,0,0.0
0,0.0,0,0.0
0,0.0,0,0.0
0,0.0,0,0.0
0,0.0,0,0.0
0,0.0,0,0.0
0,0.0,0,0.0
0,0.0,0,0.0
0,0.0,0,0.0
0,0.0,0,0.0
0,0.0,0,0.0
0,0.0,0,0.0
0,0.0,0,0.0
0,0.0,0,0.0
0,0.0,0,0.0
0,0.0,0,0.0
0,0.0,0,0.0
0,0.0,0,0.0
0,0.0,0,0.0
0,0.0,0,0.0
0,0.0,0,0.0
0,0.0,0,0.0
0,0.0,0,0.0
0,0.0,0,0.0
0,0.0,0,0.0
0,0.0,0,0.0
0,0.0,0,0.0
0,0.0,0,0.0
0,0.0,0,0.0
0,0.0,0,0.0
0,0.0,0,0.0
0,0.0,0,0.0
0,0.0,0,0.0
0,0.0,0,0.0
0,0.0,0,0.0
0,0.0,0,0.0
0,0.0,0,0.0
0,0.0,0,0.0
0,0.0,0,0.0
0,0.0,0,0.0
0,0.0,0,0.0
0,0.0,0,0.0
0,0.0,0,0.0
0,0.0,0,0.0
0,0.0,0,0.0
0,0.0,0,0.0
0,0.0,0,0.0
0,0.0,0,0.0
0,0.0,0,0.0
0,0.0,0,0.0
0,0.0,0,0.0
0,0.0,0,0.0
0,0.0,0,0.0
0,0.0,0,0.0
0,0.0,0,0.0
0,0.0,0,0.0
0,0.0,0,0.0
0,0.0,0,0.0
0,0.0,0,0.0
0,0.0,0,0.0
0,0.0,0,0.0
0,0.0,0,0.0
0,0.0,0,0.0
0,0.0,0,0.0
0,0.0,0,0.0
0,0.0,0,0.0
0,0.0,0,0.0
0,0.0,0,0.0
0,0.0,0,0.0
0,0.0,0,0.0
0,0.0,0,0.0
0,0.0,0,0.0
0,0.0,0,0.0
0,0.0,0,0.0
0,0.0,0,0.0
0,0.0,0,0.0
0,0.0,0,0.0
0,0.0,0,0.0
0,0.0,0,0.0
0,0.0,0,0.0
0,0.0,0,0.0
0,0.0,0,0.0
0,0.0,0,0.0
0,0.0,0,0.0
0,0.0,0,0.0
0,0.0,0,0.0
0,0.0,0,0.0
0,0.0,0,0.0
0,0.0,0,0.0
0,0.0,0,0.0
0,0.0,0,0.0
0,0.0,0,0.0
0,0.0,0,0.0
0,0.0,0,0.0
0,0.0,0,0.0
0,0.0,0,0.0
0,0.0,0,0.0
0,0.0,0,0.0
0,0.0,0,0.0
0,0.0,0,0.0
0,0.0,0,0.0
0,0.0,0,0.0
0,0.0,0,0.0
0,0.0,0,0.0
0,0.0,0,0.0
0,0.0,0,0.0
0,0.0,0,0.0
0,0.0,0,0.0
0,0.0,0,0.0
0,0.0,0,0.0
0,0.0,0,0.0
0,0.0,0,0.0
0,0.0,0,0.0
0,0.0,0,0.0
0,0.0,0,0.0
0,0.0,0,0.0
0,0.0,0,0.0
0,0.0,0,0.0
0,0.0,0,0.0
0,0.0,0,0.0
0,0.0,0,0.0
0,0.0,0,0.0
0,0.0,0,0.0
0,0.0,0,0.0
0,0.0,0,0.0
0,0.0,0,0.0
0,0.0,0,0.0
0,0.0,0,0.0
0,0.0,0,0.0
0,0.0,0,0.0
0,0.0,0,0.0
0,0.0,0,0.0
0,0.0,0,0.0
0,0.0,0,0.0
0,0.0,0,0.0
0,0.0,0,0.0
0,0.0,0,0.0
0,0.0,0,0.0
0,0.0,0,0.0
0,0.0,0,0.0
0,0.0,0,0.0
0,0.0,0,0.0
0,0.0,0,0.0
0,0.0,0,0.0
0,0.0,0,0.0
0,0.0,0,0.0
0,0.0,0,0.0
0,0.0,0,0.0
0,0.0,0,0.0
0,0.0,0,0.0
0,0.0,0,0.0
0,0.0,0,0.0
0,0.0,0,0.0
0,0.0,0,0.0
0,0.0,0,0.0
0,0.0,0,0.0
0,0.0,0,0.0
0,0.0,0,0.0
8941,8.941,0,0.0
8941,8.941,0,0.0
8941,8.941,0,0.0
8941,8.941,0,0.0
8941,8.941,0,0.0
8941,8.941,0,0.0
8941,8.941,0,0.0
8941,8.941,0,0.0
8941,8.941,0,0.0
8941,8.941,0,0.0
8941,8.941,0,0.0
8941,8.941,0,0.0
8941,8.941,0,0.0
8941,8.941,0,0.0
8941,8.941,0,0.0
8941,8.941,0,0.0
8941,8.941,0,0.0
8941,8.941,0,0.0
8941,8.941,0,0.0
8941,8.941,0,0.0
8941,8.941,0,0.0
8941,8.941,0,0.0
8941,8.941,0,0.0
8941,8.941,0,0.0
8941,8.941,0,0.0
8941,8.941,0,0.0
8941,8.941,0,0.0
8941,8.941,0,0.0
8941,8.941,0,0.0
8941,8.941,0,0.0
8941,8.941,0,0.0
8941,8.941,0,0.0
8941,8.941,0,0.0
8941,8.941,0,0.0
8941,8.941,0,0.0
8941,8.941,0,0.0
8941,8.941,0,0.0
8941,8.941,0,0.0
8941,8.941,0,0.0
8941,8.941,0,0.0
8941,8.941,0,0.0
8941,8.941,0,0.0
8941,8.941,0,0.0
8941,8.941,0,0.0
8941,8.941,0,0.0
8941,8.941,0,0.0
8941,8.941,0,0.0
8941,8.941,0,0.0
8941,8.941,0,0.0
8941,8.941,0,0.0
8941,8.941,0,0.0
8941,8.941,0,0.0
8941,8.941,0,0.0
8941,8.941,0,0.0
8941,8.941,0,0.0
8941,8.941,0,0.0
8941,8.941,0,0.0
8941,8.941,0,0.0
8941,8.941,0,0.0
8941,8.941,0,0.0
8941,8.941,0,0.0
8941,8.941,0,0.0
8941,8.941,0,0.0
8941,8.941,0,0.0
8941,8.941,0,0.0
8941,8.941,0,0.0
8941,8.941,0,0.0
8941,8.941,0,0.0
8941,8.941,0,0.0
8941,8.941,0,0.0
8941,8.941,0,0.0
8941,8.941,0,0.0
8941,8.941,0,0.0
8941,8.941,0,0.0
8941,8.941,0,0.0
8941,8.941,0,0.0
8941,8.941,0,0.0
8941,8.941,0,0.0
8941,8.941,0,0.0
8941,8.941,0,0.0
8941,8.941,0,0.0
8941,8.941,0,0.0
8941,8.941,0,0.0
8941,8.941,0,0.0
8941,8.941,0,0.0
8941,8.941,0,0.0
8941,8.941,0,0.0
8941,8.941,0,0.0
8941,8.941,0,0.0
8941,8.941,0,0.0
8941,8.941,0,0.0
8941,8.941,0,0.0
8941,8.941,0,0.0
8941,8.941,0,0.0
8941,8.941,0,0.0
8941,8.941,0,0.0
8941,8.941,0,0.0
8941,8.941,0,0.0
8941,8.941,0,0.0
8941,8.941,0,0.0
8941,8.941,0,0.0
8941,8.941,0,0.0
8941,8.941,0,0.0
8941,8.941,0,0.0
8941,8.941,0,0.0
8941,8.941,0,0.0
8941,8.941,0,0.0
8941,8.941,0,0.0
8941,8.941,0,0.0
8941,8.941,0,0.0
8941,8.941,0,0.0
8941,8.941,0,0.0
8941,8.941,0,0.0
8941,8.941,0,0.0
8941,8.941,0,0.0
8941,8.941,0,0.0
8941,8.941,0,0.0
8941,8.941,0,0.0
8941,8.941,0,0.0
8941,8.941,0,0.0
8941,8.941,0,0.0
8941,8.941,0,0.0
8941,8.941,0,0.0
8941,8.941,0,0.0
8941,8.941,0,0.0
8941,8.941,0,0.0
8941,8.941,0,0.0
8941,8.941,0,0.0
8941,8.941,0,0.0
8941,8.941,0,0.0
8941,8.941,0,0.0
8941,8.941,0,0.0
8941,8.941,0,0.0
8941,8.941,0,0.0
8941,8.941,0,0.0
8941,8.941,0,0.0
8941,8.941,0,0.0
8941,8.941,0,0.0
8941,8.941,0,0.0
8941,8.941,0,0.0
8941,8.941,0,0.0
8941,8.941,0,0.0
8941,8.941,0,0.0
8941,8.941,0,0.0
8941,8.941,0,0.0
8941,8.941,0,0.0
8941,8.941,0,0.0
8941,8.941,0,0.0
8941,8.941,0,0.0
8941,8.941,0,0.0
8941,8.941,0,0.0
8941,8.941,0,0.0
8941,8.941,0,0.0
8941,8.941,0,0.0
8941,8.941,0,0.0
8941,8.941,0,0.0
8941,8.941,0,0.0
8941,8.941,0,0.0
8941,8.941,0,0.0
8941,8.941,0,0.0
8941,8.941,0,0.0
8941,8.941,0,0.0
8941,8.941,0,0.0
8941,8.941,0,0.0
8941,8.941,0,0.0
8941,8.941,0,0.0
8941,8.941,0,0.0
8941,8.941,0,0.0
8941,8.941,0,0.0
8941,8.941,0,0.0
8941,8.941,0,0.0
8941,8.941,0,0.0
8941,8.941,0,0.0
8941,8.941,0,0.0
8941,8.941,0,0.0
8941,8.941,0,0.0
8941,8.941,0,0.0
8941,8.941,0,0.0
8941,8.941,0,0.0
8941,8.941,0,0.0
8941,8.941,0,0.0
8941,8.941,0,0.0
8941,8.941,0,0.0
8941,8.941,0,0.0
8941,8.941,0,0.0
8941,8.941,0,0.0
8941,8.941,0,0.0
8941,8.941,0,0.0
8941,8.941,0,0.0
8941,8.941,0,0.0
8941,8.941,0,0.0
8941,8.941,0,0.0
8941,8.941,0,0.0
8941,8.941,0,0.0
8941,8.941,0,0.0
8941,8.941,0,0.0
8941,8.941,0,0.0
8941,8.941,0,0.0
8941,8.941,0,0.0
8941,8.941,0,0.0
8941,8.941,0,0.0
8941,8.941,0,0.0
8941,8.941,0,0.0
8941,8.941,0,0.0
8941,8.941,0,0.0
8941,8.941,0,0.0
8941,8.941,0,0.0
8941,8.941,0,0.0
8941,8.941,0,0.0
8941,8.941,0,0.0
8941,8.941,0,0.0
8941,8.941,0,0.0
8941,8.941,0,0.0
8941,8.941,0,0.0
8941,8.941,0,0.0
8941,8.941,0,0.0
8941,8.941,0,0.0
8941,8.941,0,0.0
8941,8.941,0,0.0
8941,8.941,0,0.0
8941,8.941,0,0.0
8941,8.941,0,0.0
8941,8.941,0,0.0
8941,8.941,0,0.0
8941,8.941,0,0.0
8941,8.941,0,0.0
8941,8.941,0,0.0
8941,8.941,0,0.0
8941,8.941,0,0.0
8941,8.941,0,0.0
8941,8.941,0,0.0
8941,8.941,5,2.0
8941,8.941,5,2.0
8941,8.941,5,2.0
8941,8.941,5,2.0
8941,8.941,5,2.0
8941,8.941,5,2.0
8941,8.941,5,2.0
8941,8.941,5,2.0
8941,8.941,5,2.0
8941,8.941,5,2.0
8941,8.941,5,2.0
8941,8.941,5,2.0
8941,8.941,5,2.0
8941,8.941,5,2.0
8941,8.941,5,2.0
8941,8.941,5,2.0
8941,8.941,5,2.0
8941,8.941,5,2.0
8941,8.941,5,2.0
8941,8.941,5,2.0
8941,8.941,5,2.0
8941,8.941,5,2.0
8941,8.941,5,2.0
8941,8.941,5,2.0
8941,8.941,5,2.0
8941,8.941,5,2.0
8941,8.941,5,2.0
8941,8.941,5,2.0
8941,8.941,5,2.0
8941,8.941,5,2.0
8941,8.941,5,2.0
8941,8.941,5,2.0
8941,8.941,5,2.0
8941,8.941,5,2.0
8941,8.941,5,2.0
8941,8.941,5,2.0
8941,8.941,5,2.0
8941,8.941,5,2.0
8941,8.941,5,2.0
8941,8.941,5,2.0
8941,8.941,5,2.0
8941,8.941,5,2.0
8941,8.941,5,2.0
8941,8.941,5,2.0
8941,8.941,5,2.0
8941,8.941,5,2.0
8941,8.941,5,2.0
8941,8.941,5,2.0
8941,8.941,5,2.0
8941,8.941,5,2.0
8941,8.941,5,2.0
8941,8.941,5,2.0
8941,8.941,5,2.0
8941,8.941,5,2.0
8941,8.941,5,2.0
8941,8.941,5,2.0
8941,8.941,5,2.0
8941,8.941,5,2.0
8941,8.941,5,2.0
8941,8.941,5,2.0
8941,8.941,5,2.0
8941,8.941,5,2.0
8941,8.941,5,2.0
8941,8.941,5,2.0
8941,8.941,5,2.0
8941,8.941,5,2.0
8941,8.941,5,2.0
8941,8.941,5,2.0
8941,8.941,5,2.0
8941,8.941,5,2.0
8941,8.941,5,2.0
8941,8.941,5,2.0
8941,8.941,5,2.0
8941,8.941,5,2.0
8941,8.941,5,2.0
8941,8.941,5,2.0
8941,8.941,5,2.0
8941,8.941,5,2.0
8941,8.941,5,2.0
8941,8.941,5,2.0
8941,8.941,5,2.0
8941,8.941,5,2.0
8941,8.941,5,2.0
8941,8.941,5,2.0
8941,8.941,5,2.0
8941,8.941,5,2.0
8941,8.941,5,2.0
8941,8.941,5,2.0
8941,8.941,5,2.0
8941,8.941,5,2.0
8941,8.941,5,2.0
8941,8.941,5,2.0
8941,8.941,5,2.0
8941,8.941,5,2.0
8941,8.941,5,2.0
8941,8.941,5,2.0
8941,8.941,5,2.0
8941,8.941,5,2.0
8941,8.941,5,2.0
8941,8.941,5,2.0
8941,8.941,5,2.0
8941,8.941,5,2.0
8941,8.941,5,2.0
8941,8.941,5,2.0
8941,8.941,5,2.0
8941,8.941,5,2.0
8941,8.941,5,2.0
8941,8.941,5,2.0
8941,8.941,5,2.0
8941,8.941,5,2.0
8941,8.941,5,2.0
8941,8.941,5,2.0
8941,8.941,5,2.0
8941,8.941,5,2.0
8941,8.941,5,2.0
8941,8.941,5,2.0
8941,8.941,5,2.0
8941,8.941,5,2.0
8941,8.941,5,2.0
8941,8.941,5,2.0
8941,8.941,5,2.0
8941,8.941,5,2.0
8941,8.941,5,2.0
8941,8.941,5,2.0
8941,8.941,5,2.0
8941,8.941,5,2.0
8941,8.941,5,2.0
8941,8.941,5,2.0
8941,8.941,5,2.0
8941,8.941,5,2.0
8941,8.941,5,2.0
8941,8.941,5,2.0
8941,8.941,5,2.0
8941,8.941,5,2.0
8941,8.941,5,2.0
8941,8.941,5,2.0
8941,8.941,5,2.0
8941,8.941,5,2.0
8941,8.941,5,2.0
8941,8.941,5,2.0
8941,8.941,5,2.0
8941,8.941,5,2.0
8941,8.941,5,2.0
8941,8.941,5,2.0
8941,8.941,5,2.0
8941,8.941,5,2.0
8941,8.941,5,2.0
8941,8.941,5,2.0
8941,8.941,5,2.0
8941,8.941,5,2.0
8941,8.941,5,2.0
8941,8.941,5,2.0
8941,8.941,5,2.0
8941,8.941,5,2.0
8941,8.941,5,2.0
8941,8.941,5,2.0
8941,8.941,5,2.0
8941,8.941,5,2.0
8941,8.941,5,2.0
8941,8.941,5,2.0
8941,8.941,5,2.0
8941,8.941,5,2.0
8941,8.941,5,2.0
8941,8.941,5,2.0
8941,8.941,5,2.0
8941,8.941,5,2.0
8941,8.941,5,2.0
8941,8.941,5,2.0
8941,8.941,5,2.0
8941,8.941,5,2.0
8941,8.941,5,2.0
8941,8.941,5,2.0
8941,8.941,5,2.0
8941,8.941,5,2.0
8941,8.941,5,2.0
8941,8.941,5,2.0
8941,8.941,5,2.0
8941,8.941,5,2.0
8941,8.941,5,2.0
8941,8.941,5,2.0
8941,8.941,5,2.0
8941,8.941,5,2.0
8941,8.941,5,2.0
8941,8.941,5,2.0
8941,8.941,5,2.0
8941,8.941,5,2.0
8941,8.941,5,2.0
8941,8.941,5,2.0
8941,8.941,5,2.0
8941,8.941,5,2.0
8941,8.941,5,2.0
8941,8.941,5,2.0
8941,8.941,5,2.0
8941,8.941,5,2.0
8941,8.941,5,2.0
8941,8.941,5,2.0
8941,8.941,5,2.0
8941,8.941,5,2.0
8941,8.941,5,2.0
8941,8.941,5,2.0
8941,8.941,5,2.0
8941,8.941,5,2.0
8941,8.941,5,2.0
8941,8.941,5,2.0
8941,8.941,5,2.0
8941,8.941,5,2.0
8941,8.941,5,2.0
8941,8.941,5,2.0
8941,8.941,5,2.0
8941,8.941,5,2.0
8941,8.941,5,2.0
8941,8.941,5,2.0
8941,8.941,5,2.0
8941,8.941,5,2.0
8941,8.941,5,2.0
8941,8.941,5,2.0
8941,8.941,5,2.0
8941,8.941,5,2.0
8941,8.941,5,2.0
8941,8.941,5,2.0
8941,8.941,5,2.0
8941,8.941,5,2.0
8941,8.941,5,2.0
8941,8.941,5,2.0
8941,8.941,5,2.0
8941,8.941,5,2.0
8941,8.941,5,2.0
8941,8.941,5,2.0
8941,8.941,5,2.0
8941,8.941,5,2.0
8941,8.941,5,2.0
8941,8.941,5,2.0
8941,8.941,5,2.0
8941,8.941,5,2.0
8941,8.941,5,2.0
8941,8.941,5,2.0
8941,8.941,5,2.0
8941,8.941,5,2.0
8941,8.941,5,2.0
8941,8.941,5,2.0
8941,8.941,5,2.0
8941,8.941,5,2.0
8941,8.941,5,2.0
8941,8.941,5,2.0
8941,8.941,5,2.0
8941,8.941,5,2.0
8941,8.941,5,2.0
8941,8.941,5,2.0
8941,8.941,5,2.0
8941,8.941,5,2.0
0,0.0,25,9.8
0,0.0,25,9.8
0,0.0,25,9.8
0,0.0,25,9.8
0,0.0,25,9.8
0,0.0,25,9.8
0,0.0,25,9.8
0,0.0,25,9.8
0,0.0,25,9.8
0,0.0,25,9.8
0,0.0,25,9.8
0,0.0,25,9.8
0,0.0,25,9.8
0,0.0,25,9.8
0,0.0,25,9.8
0,0.0,25,9.8
0,0.0,25,9.8
0,0.0,25,9.8
0,0.0,25,9.8
0,0.0,25,9.8
0,0.0,25,9.8
0,0.0,25,9.8
0,0.0,25,9.8
0,0.0,25,9.8
0,0.0,25,9.8
0,0.0,25,9.8
0,0.0,25,9.8
0,0.0,25,9.8
0,0.0,25,9.8
0,0.0,25,9.8
0,0.0,25,9.8
0,0.0,25,9.8
0,0.0,25,9.8
0,0.0,25,9.8
0,0.0,25,9.8
0,0.0,25,9.8
0,0.0,25,9.8
0,0.0,25,9.8
0,0.0,25,9.8
0,0.0,25,9.8
0,0.0,25,9.8
0,0.0,25,9.8
0,0.0,25,9.8
0,0.0,25,9.8
0,0.0,25,9.8
0,0.0,25,9.8
0,0.0,25,9.8
0,0.0,25,9.8
0,0.0,25,9.8
0,0.0,25,9.8
0,0.0,25,9.8
0,0.0,25,9.8
0,0.0,25,9.8
0,0.0,25,9.8
0,0.0,25,9.8
0,0.0,25,9.8
0,0.0,25,9.8
0,0.0,25,9.8
0,0.0,25,9.8
0,0.0,25,9.8
0,0.0,25,9.8
0,0.0,25,9.8
0,0.0,25,9.8
0,0.0,25,9.8
0,0.0,25,9.8
0,0.0,25,9.8
0,0.0,25,9.8
0,0.0,25,9.8
0,0.0,25,9.8
0,0.0,25,9.8
0,0.0,25,9.8
0,0.0,25,9.8
0,0.0,25,9.8
0,0.0,25,9.8
0,0.0,25,9.8
0,0.0,25,9.8
0,0.0,25,9.8
0,0.0,25,9.8
0,0.0,25,9.8
0,0.0,25,9.8
0,0.0,25,9.8
0,0.0,25,9.8
0,0.0,25,9.8
0,0.0,25,9.8
0,0.0,25,9.8
0,0.0,25,9.8
0,0.0,25,9.8
0,0.0,25,9.8
0,0.0,25,9.8
0,0.0,25,9.8
0,0.0,25,9.8
0,0.0,25,9.8
0,0.0,25,9.8
0,0.0,25,9.8
0,0.0,25,9.8
0,0.0,25,9.8
0,0.0,25,9.8
0,0.0,25,9.8
0,0.0,25,9.8
0,0.0,25,9.8
0,0.0,25,9.8
0,0.0,25,9.8
0,0.0,25,9.8
0,0.0,25,9.8
0,0.0,25,9.8
0,0.0,25,9.8
0,0.0,25,9.8
0,0.0,25,9.8
0,0.0,25,9.8
0,0.0,25,9.8
0,0.0,25,9.8
0,0.0,25,9.8
0,0.0,25,9.8
0,0.0,25,9.8
0,0.0,25,9.8
0,0.0,25,9.8
0,0.0,25,9.8
0,0.0,25,9.8
0,0.0,25,9.8
0,0.0,25,9.8
0,0.0,25,9.8
0,0.0,25,9.8
0,0.0,25,9.8
0,0.0,25,9.8
0,0.0,25,9.8
0,0.0,25,9.8
0,0.0,25,9.8
0,0.0,25,9.8
0,0.0,25,9.8
0,0.0,25,9.8
0,0.0,25,9.8
0,0.0,25,9.8
0,0.0,25,9.8
0,0.0,25,9.8
0,0.0,25,9.8
0,0.0,25,9.8
0,0.0,25,9.8
0,0.0,25,9.8
0,0.0,25,9.8
0,0.0,25,9.8
0,0.0,25,9.8
0,0.0,25,9.8
0,0.0,25,9.8
0,0.0,25,9.8
0,0.0,25,9.8
0,0.0,25,9.8
0,0.0,25,9.8
0,0.0,25,9.8
0,0.0,25,9.8
0,0.0,25,9.8
0,0.0,25,9.8
0,0.0,25,9.8
0,0.0,25,9.8
0,0.0,25,9.8
0,0.0,25,9.8
0,0.0,25,9.8
0,0.0,25,9.8
0,0.0,25,9.8
0,0.0,25,9.8
0,0.0,25,9.8
0,0.0,25,9.8
0,0.0,25,9.8
0,0.0,25,9.8
0,0.0,25,9.8
0,0.0,25,9.8
0,0.0,25,9.8
0,0.0,25,9.8
0,0.0,25,9.8
0,0.0,25,9.8
0,0.0,25,9.8
0,0.0,25,9.8
0,0.0,25,9.8
0,0.0,25,9.8
0,0.0,25,9.8
0,0.0,25,9.8
0,0.0,25,9.8
0,0.0,25,9.8
0,0.0,25,9.8
0,0.0,25,9.8
0,0.0,25,9.8
0,0.0,25,9.8
0,0.0,25,9.8
0,0.0,25,9.8
0,0.0,25,9.8
0,0.0,25,9.8
0,0.0,25,9.8
0,0.0,25,9.8
0,0.0,25,9.8
0,0.0,25,9.8
0,0.0,25,9.8
0,0.0,25,9.8
0,0.0,25,9.8
0,0.0,25,9.8
0,0.0,25,9.8
0,0.0,25,9.8
0,0.0,25,9.8
0,0.0,25,9.8
0,0.0,25,9.8
0,0.0,25,9.8
0,0.0,25,9.8
0,0.0,25,9.8
0,0.0,25,9.8
0,0.0,25,9.8
0,0.0,25,9.8
0,0.0,25,9.8
0,0.0,25,9.8
0,0.0,25,9.8
0,0.0,25,9.8
0,0.0,25,9.8
0,0.0,25,9.8
0,0.0,25,9.8
0,0.0,25,9.8
0,0.0,25,9.8
0,0.0,25,9.8
0,0.0,25,9.8
0,0.0,25,9.8
0,0.0,25,9.8
0,0.0,25,9.8
0,0.0,25,9.8
0,0.0,25,9.8
0,0.0,25,9.8
0,0.0,25,9.8
0,0.0,25,9.8
0,0.0,25,9.8
0,0.0,25,9.8
0,0.0,25,9.8
0,0.0,25,9.8
0,0.0,25,9.8
0,0.0,25,9.8
0,0.0,25,9.8
0,0.0,25,9.8
0,0.0,25,9.8
0,0.0,25,9.8
0,0.0,25,9.8
0,0.0,25,9.8
0,0.0,25,9.8
0,0.0,25,9.8
0,0.0,25,9.8
0,0.0,25,9.8
0,0.0,25,9.8
0,0.0,25,9.8
0,0.0,25,9.8
0,0.0,25,9.8
0,0.0,25,9.8
0,0.0,25,9.8
0,0.0,25,9.8
0,0.0,25,9.8
0,0.0,25,9.8
0,0.0,25,9.8
0,0.0,25,9.8
8941,8.941,30,11.8
8941,8.941,30,11.8
8941,8.941,30,11.8
8941,8.941,30,11.8
8941,8.941,30,11.8
8941,8.941,30,11.8
8941,8.941,30,11.8
8941,8.941,30,11.8
8941,8.941,30,11.8
8941,8.941,30,11.8
8941,8.941,30,11.8
8941,8.941,30,11.8
8941,8.941,30,11.8
8941,8.941,30,11.8
8941,8.941,30,11.8
8941,8.941,30,11.8
8941,8.941,30,11.8
8941,8.941,30,11.8
8941,8.941,30,11.8
8941,8.941,30,11.8
8941,8.941,30,11.8
8941,8.941,30,11.8
8941,8.941,30,11.8
8941,8.941,30,11.8
8941,8.941,30,11.8
8941,8.941,30,11.8
8941,8.941,30,11.8
8941,8.941,30,11.8
8941,8.941,30,11.8
8941,8.941,30,11.8
8941,8.941,30,11.8
8941,8.941,30,11.8
8941,8.941,30,11.8
8941,8.941,30,11.8
8941,8.941,30,11.8
8941,8.941,30,11.8
8941,8.941,30,11.8
8941,8.941,30,11.8
8941,8.941,30,11.8
8941,8.941,30,11.8
8941,8.941,30,11.8
8941,8.941,30,11.8
8941,8.941,30,11.8
8941,8.941,30,11.8
8941,8.941,30,11.8
8941,8.941,30,11.8
8941,8.941,30,11.8
8941,8.941,30,11.8
8941,8.941,30,11.8
8941,8.941,30,11.8
8941,8.941,30,11.8
8941,8.941,30,11.8
8941,8.941,30,11.8
8941,8.941,30,11.8
8941,8.941,30,11.8
8941,8.941,30,11.8
8941,8.941,30,11.8
8941,8.941,30,11.8
8941,8.941,30,11.8
8941,8.941,30,11.8
8941,8.941,30,11.8
8941,8.941,30,11.8
8941,8.941,30,11.8
8941,8.941,30,11.8
8941,8.941,30,11.8
8941,8.941,30,11.8
8941,8.941,30,11.8
8941,8.941,30,11.8
8941,8.941,30,11.8
8941,8.941,30,11.8
8941,8.941,30,11.8
8941,8.941,30,11.8
8941,8.941,30,11.8
8941,8.941,30,11.8
8941,8.941,30,11.8
8941,8.941,30,11.8
8941,8.941,30,11.8
8941,8.941,30,11.8
8941,8.941,30,11.8
8941,8.941,30,11.8
8941,8.941,30,11.8
8941,8.941,30,11.8
8941,8.941,30,11.8
8941,8.941,30,11.8
8941,8.941,30,11.8
8941,8.941,30,11.8
8941,8.941,30,11.8
8941,8.941,30,11.8
8941,8.941,30,11.8
8941,8.941,30,11.8
8941,8.941,30,11.8
8941,8.941,30,11.8
8941,8.941,30,11.8
8941,8.941,30,11.8
8941,8.941,30,11.8
8941,8.941,30,11.8
8941,8.941,30,11.8
8941,8.941,30,11.8
8941,8.941,30,11.8
8941,8.941,30,11.8
8941,8.941,30,11.8
8941,8.941,30,11.8
8941,8.941,30,11.8
8941,8.941,30,11.8
8941,8.941,30,11.8
8941,8.941,30,11.8
8941,8.941,30,11.8
8941,8.941,30,11.8
8941,8.941,30,11.8
8941,8.941,30,11.8
8941,8.941,30,11.8
8941,8.941,30,11.8
8941,8.941,30,11.8
8941,8.941,30,11.8
8941,8.941,30,11.8
8941,8.941,30,11.8
8941,8.941,30,11.8
8941,8.941,30,11.8
8941,8.941,30,11.8
8941,8.941,30,11.8
8941,8.941,30,11.8
8941,8.941,30,11.8
8941,8.941,30,11.8
8941,8.941,30,11.8
8941,8.941,30,11.8
8941,8.941,30,11.8
8941,8.941,30,11.8
8941,8.941,30,11.8
8941,8.941,30,11.8
8941,8.941,30,11.8
8941,8.941,30,11.8
8941,8.941,30,11.8
8941,8.941,30,11.8
8941,8.941,30,11.8
8941,8.941,30,11.8
8941,8.941,30,11.8
8941,8.941,30,11.8
8941,8.941,30,11.8
8941,8.941,30,11.8
8941,8.941,30,11.8
8941,8.941,30,11.8
8941,8.941,30,11.8
8941,8.941,30,11.8
8941,8.941,30,11.8
8941,8.941,30,11.8
8941,8.941,30,11.8
8941,8.941,30,11.8
8941,8.941,30,11.8
8941,8.941,30,11.8
8941,8.941,30,11.8
8941,8.941,30,11.8
8941,8.941,30,11.8
8941,8.941,30,11.8
8941,8.941,30,11.8
8941,8.941,30,11.8
8941,8.941,30,11.8
8941,8.941,30,11.8
8941,8.941,30,11.8
8941,8.941,30,11.8
8941,8.941,30,11.8
8941,8.941,30,11.8
8941,8.941,30,11.8
8941,8.941,30,11.8
8941,8.941,30,11.8
8941,8.941,30,11.8
8941,8.941,30,11.8
8941,8.941,30,11.8
8941,8.941,30,11.8
8941,8.941,30,11.8
8941,8.941,30,11.8
8941,8.941,30,11.8
8941,8.941,30,11.8
8941,8.941,30,11.8
8941,8.941,30,11.8
8941,8.941,30,11.8
8941,8.941,30,11.8
8941,8.941,30,11.8
8941,8.941,30,11.8
8941,8.941,30,11.8
8941,8.941,30,11.8
8941,8.941,30,11.8
8941,8.941,30,11.8
8941,8.941,30,11.8
8941,8.941,30,11.8
8941,8.941,30,11.8
8941,8.941,30,11.8
8941,8.941,30,11.8
8941,8.941,30,11.8
8941,8.941,30,11.8
8941,8.941,30,11.8
8941,8.941,30,11.8
8941,8.941,30,11.8
8941,8.941,30,11.8
8941,8.941,30,11.8
8941,8.941,30,11.8
8941,8.941,30,11.8
8941,8.941,30,11.8
8941,8.941,30,11.8
8941,8.941,30,11.8
8941,8.941,30,11.8
8941,8.941,30,11.8
8941,8.941,30,11.8
8941,8.941,30,11.8
8941,8.941,30,11.8
8941,8.941,30,11.8
8941,8.941,30,11.8
8941,8.941,30,11.8
8941,8.941,30,11.8
8941,8.941,30,11.8
8941,8.941,30,11.8
8941,8.941,30,11.8
8941,8.941,30,11.8
8941,8.941,30,11.8
8941,8.941,30,11.8
8941,8.941,30,11.8
8941,8.941,30,11.8
8941,8.941,30,11.8
1945,1.945,50,19.6
1945,1.945,50,19.6
1945,1.945,50,19.6
1945,1.945,50,19.6
1945,1.945,50,19.6
1945,1.945,50,19.6
1945,1.945,50,19.6
1945,1.945,50,19.6
1945,1.945,50,19.6
1945,1.945,50,19.6
1945,1.945,50,19.6
1945,1.945,50,19.6
1945,1.945,50,19.6
1945,1.945,50,19.6
1945,1.945,50,19.6
1945,1.945,50,19.6
1945,1.945,50,19.6
1945,1.945,50,19.6
1945,1.945,50,19.6
1945,1.945,50,19.6
1945,1.945,50,19.6
1945,1.945,50,19.6
1945,1.945,50,19.6
1945,1.945,50,19.6
1945,1.945,50,19.6
1945,1.945,50,19.6
1945,1.945,50,19.6
1945,1.945,50,19.6
1945,1.945,50,19.6
1945,1.945,50,19.6
1945,1.945,50,19.6
1945,1.945,50,19.6
1945,1.945,50,19.6
1945,1.945,50,19.6
1945,1.945,50,19.6
1945,1.945,50,19.6
1945,1.945,50,19.6
1945,1.945,50,19.6
1945,1.945,50,19.6
1945,1.945,50,19.6
1945,1.945,50,19.6
1945,1.945,50,19.6
1945,1.945,50,19.6
1945,1.945,50,19.6
1945,1.945,50,19.6
1945,1.945,50,19.6
1945,1.945,50,19.6
1945,1.945,50,19.6
1945,1.945,50,19.6
1945,1.945,50,19.6
1945,1.945,50,19.6
1945,1.945,50,19.6
1945,1.945,50,19.6
1945,1.945,50,19.6
1945,1.945,50,19.6
1945,1.945,50,19.6
1945,1.945,50,19.6
1945,1.945,50,19.6
1945,1.945,50,19.6
1945,1.945,50,19.6
1945,1.945,50,19.6
1945,1.945,50,19.6
1945,1.945,50,19.6
1945,1.945,50,19.6
1945,1.945,50,19.6
1945,1.945,50,19.6
1945,1.945,50,19.6
1945,1.945,50,19.6
1945,1.945,50,19.6
1945,1.945,50,19.6
1945,1.945,50,19.6
1945,1.945,50,19.6
1945,1.945,50,19.6
1945,1.945,50,19.6
1945,1.945,50,19.6
1945,1.945,50,19.6
1945,1.945,50,19.6
1945,1.945,50,19.6
1945,1.945,50,19.6
1945,1.945,50,19.6
1945,1.945,50,19.6
1945,1.945,50,19.6
1945,1.945,50,19.6
1945,1.945,50,19.6
1945,1.945,50,19.6
1945,1.945,50,19.6
1945,1.945,50,19.6
1945,1.945,50,19.6
1945,1.945,50,19.6
1945,1.945,50,19.6
1945,1.945,50,19.6
1945,1.945,50,19.6
1945,1.945,50,19.6
1945,1.945,50,19.6
1945,1.945,50,19.6
1945,1.945,50,19.6
1945,1.945,50,19.6
1945,1.945,50,19.6
1945,1.945,50,19.6
1945,1.945,50,19.6
1945,1.945,50,19.6
1945,1.945,50,19.6
1945,1.945,50,19.6
1945,1.945,50,19.6
1945,1.945,50,19.6
1945,1.945,50,19.6
1945,1.945,50,19.6
1945,1.945,50,19.6
1945,1.945,50,19.6
1945,1.945,50,19.6
1945,1.945,50,19.6
1945,1.945,50,19.6
1945,1.945,50,19.6
1945,1.945,50,19.6
1945,1.945,50,19.6
1945,1.945,50,19.6
1945,1.945,50,19.6
1945,1.945,50,19.6
1945,1.945,50,19.6
1945,1.945,50,19.6
1945,1.945,50,19.6
1945,1.945,50,19.6
1945,1.945,50,19.6
1945,1.945,50,19.6
1945,1.945,50,19.6
1945,1.945,50,19.6
1945,1.945,50,19.6
1945,1.945,50,19.6
1945,1.945,50,19.6
1945,1.945,50,19.6
1945,1.945,50,19.6
1945,1.945,50,19.6
1945,1.945,50,19.6
1945,1.945,50,19.6
1945,1.945,50,19.6
1945,1.945,50,19.6
1945,1.945,50,19.6
1945,1.945,50,19.6
1945,1.945,50,19.6
1945,1.945,50,19.6
1945,1.945,50,19.6
1945,1.945,50,19.6
1945,1.945,50,19.6
1945,1.945,50,19.6
1945,1.945,50,19.6
1945,1.945,50,19.6
1945,1.945,50,19.6
1945,1.945,50,19.6
1945,1.945,50,19.6
1945,1.945,50,19.6
1945,1.945,50,19.6
1945,1.945,50,19.6
1945,1.945,50,19.6
1945,1.945,50,19.6
1945,1.945,50,19.6
1945,1.945,50,19.6
1945,1.945,50,19.6
1945,1.945,50,19.6
1945,1.945,50,19.6
1945,1.945,50,19.6
1945,1.945,50,19.6
1945,1.945,50,19.6
1945,1.945,50,19.6
1945,1.945,50,19.6
1945,1.945,50,19.6
1945,1.945,50,19.6
1945,1.945,50,19.6
1945,1.945,50,19.6
1945,1.945,50,19.6
1945,1.945,50,19.6
1945,1.945,50,19.6
1945,1.945,50,19.6
1945,1.945,50,19.6
1945,1.945,50,19.6
1945,1.945,50,19.6
1945,1.945,50,19.6
1945,1.945,50,19.6
1945,1.945,50,19.6
1945,1.945,50,19.6
1945,1.945,50,19.6
1945,1.945,50,19.6
1945,1.945,50,19.6
1945,1.945,50,19.6
1945,1.945,50,19.6
1945,1.945,50,19.6
1945,1.945,50,19.6
1945,1.945,50,19.6
1945,1.945,50,19.6
1945,1.945,50,19.6
1945,1.945,50,19.6
1945,1.945,50,19.6
1945,1.945,50,19.6
1945,1.945,50,19.6
1945,1.945,50,19.6
1945,1.945,50,19.6
1945,1.945,50,19.6
1945,1.945,50,19.6
1945,1.945,50,19.6
1945,1.945,50,19.6
1945,1.945,50,19.6
1945,1.945,50,19.6
1945,1.945,50,19.6
1945,1.945,50,19.6
1945,1.945,50,19.6
5176,5.176,55,21.6
5260,5.26,55,21.6
5260,5.26,55,21.6
1693,1.693,55,21.6
2890,2.89,55,21.6
5068,5.068,55,21.6
5068,5.068,55,21.6
5336,5.336,55,21.6
288,0.288,55,21.6
6226,6.226,55,21.6
6226,6.226,55,21.6
7195,7.195,55,21.6
7842,7.842,55,21.6
7842,7.842,55,21.6
8428,8.428,55,21.6
8428,8.428,55,21.6
3630,3.63,55,21.6
3630,3.63,55,21.6
9306,9.306,55,21.6
827,0.827,55,21.6
827,0.827,55,21.6
518,0.518,55,21.6
518,0.518,55,21.6
9882,9.882,55,21.6
9882,9.882,55,21.6
9882,9.882,55,21.6
1252,1.252,55,21.6
1252,1.252,55,21.6
1817,1.817,55,21.6
1817,1.817,55,21.6
7903,7.903,55,21.6
6866,6.866,55,21.6
6866,6.866,55,21.6
7889,7.889,55,21.6
1665,1.665,55,21.6
1665,1.665,55,21.6
2578,2.578,55,21.6
2578,2.578,55,21.6
10224,10.224,55,21.6
10224,10.224,55,21.6
10224,10.224,55,21.6
11498,11.498,55,21.6
11498,11.498,55,21.6
10162,10.162,55,21.6
10162,10.162,55,21.6
3605,3.605,55,21.6
3605,3.605,55,21.6
7655,7.655,55,21.6
7831,7.831,55,21.6
7831,7.831,55,21.6
6117,6.117,55,21.6
6117,6.117,55,21.6
6017,6.017,55,21.6
6017,6.017,55,21.6
546,0.546,55,21.6
546,0.546,55,21.6
10004,10.004,55,21.6
10004,10.004,55,21.6
10004,10.004,55,21.6
13335,13.335,55,21.6
13335,13.335,55,21.6
1318,1.318,55,21.6
1318,1.318,55,21.6
8041,8.041,55,21.6
8041,8.041,55,21.6
8106,8.106,55,21.6
8106,8.106,55,21.6
9156,9.156,55,21.6
9156,9.156,55,21.6
6080,6.08,55,21.6
6080,6.08,55,21.6
8109,8.109,55,21.6
8109,8.109,55,21.6
11687,11.687,55,21.6
11687,11.687,55,21.6
11687,11.687,55,21.6
11978,11.978,55,21.6
11978,11.978,55,21.6
9648,9.648,55,21.6
9648,9.648,55,21.6
8068,8.068,55,21.6
567,0.567,55,21.6
567,0.567,55,21.6
9308,9.308,55,21.6
9308,9.308,55,21.6
356,0.356,55,21.6
356,0.356,55,21.6
10558,10.558,55,21.6
10558,10.558,55,21.6
10558,10.558,55,21.6
11387,11.387,55,21.6
11387,11.387,55,21.6
178,0.178,55,21.6
178,0.178,55,21.6
6124,6.124,55,21.6
6124,6.124,55,21.6
6681,6.681,55,21.6
6681,6.681,55,21.6
8224,8.224,55,21.6
8224,8.224,55,21.6
2483,2.483,55,21.6
2483,2.483,55,21.6
5277,5.277,55,21.6
5277,5.277,55,21.6
8579,8.579,55,21.6
8579,8.579,55,21.6
12051,12.051,55,21.6
12051,12.051,55,21.6
12051,12.051,55,21.6
13817,13.817,55,21.6
13817,13.817,55,21.6
7690,7.69,55,21.6
7690,7.69,55,21.6
8053,8.053,55,21.6
4065,4.065,55,21.6
4065,4.065,55,21.6
9438,9.438,55,21.6
9438,9.438,55,21.6
5484,5.484,55,21.6
5484,5.484,55,21.6
5484,5.484,55,21.6
5272,5.272,55,21.6
5272,5.272,55,21.6
9943,9.943,55,21.6
9943,9.943,55,21.6
9943,9.943,55,21.6
13263,13.263,55,21.6
13263,13.263,55,21.6
8964,8.964,55,21.6
8112,8.112,55,21.6
8112,8.112,55,21.6
8462,8.462,55,21.6
8462,8.462,55,21.6
5813,5.813,55,21.6
5813,5.813,55,21.6
10260,10.26,55,21.6
10260,10.26,55,21.6
10915,10.915,55,21.6
10915,10.915,55,21.6
10915,10.915,55,21.6
8753,8.753,55,21.6
8753,8.753,55,21.6
13328,13.328,55,21.6
13328,13.328,55,21.6
8870,8.87,55,21.6
8870,8.87,55,21.6
8045,8.045,55,21.6
8045,8.045,55,21.6
8375,8.375,55,21.6
8375,8.375,55,21.6
9476,9.476,55,21.6
9476,9.476,55,21.6
10027,10.027,55,21.6
10027,10.027,55,21.6
8533,8.533,55,21.6
8533,8.533,55,21.6
9013,9.013,55,21.6
9013,9.013,55,21.6
9013,9.013,55,21.6
12990,12.99,55,21.6
12990,12.99,55,21.6
8787,8.787,55,21.6
8037,8.037,55,21.6
8037,8.037,55,21.6
4048,4.048,55,21.6
4048,4.048,55,21.6
2830,2.83,55,21.6
2830,2.83,55,21.6
10038,10.038,55,21.6
10038,10.038,55,21.6
10746,10.746,55,21.6
10746,10.746,55,21.6
10746,10.746,55,21.6
12042,12.042,55,21.6
12042,12.042,55,21.6
315,0.315,55,21.6
315,0.315,55,21.6
8787,8.787,55,21.6
8787,8.787,55,21.6
8039,8.039,55,21.6
8039,8.039,55,21.6
8444,8.444,55,21.6
1250,1.25,55,21.6
1250,1.25,55,21.6
8278,8.278,55,21.6
8278,8.278,55,21.6
8278,8.278,55,21.6
10827,10.827,55,21.6
10827,10.827,55,21.6
12162,12.162,55,21.6
12162,12.162,55,21.6
12162,12.162,55,21.6
2683,2.683,55,21.6
2683,2.683,55,21.6
8709,8.709,55,21.6
8112,8.112,55,21.6
8112,8.112,55,21.6
647,0.647,55,21.6
647,0.647,55,21.6
5852,5.852,55,21.6
5852,5.852,55,21.6
5749,5.749,55,21.6
5749,5.749,55,21.6
902,0.902,55,21.6
902,0.902,55,21.6
10001,10.001,55,21.6
10001,10.001,55,21.6
10001,10.001,55,21.6
1883,1.883,55,21.6
1883,1.883,55,21.6
8647,8.647,55,21.6
8647,8.647,55,21.6
8064,8.064,55,21.6
8416,8.416,55,21.6
8416,8.416,55,21.6
8452,8.452,55,21.6
8452,8.452,55,21.6
10138,10.138,55,21.6
10138,10.138,55,21.6
10138,10.138,55,21.6
10913,10.913,55,21.6
10913,10.913,55,21.6
12289,12.289,55,21.6
12289,12.289,55,21.6
12289,12.289,55,21.6
12939,12.939,55,21.6
12939,12.939,55,21.6
8577,8.577,55,21.6
7999,7.999,55,21.6
7999,7.999,55,21.6
8556,8.556,55,21.6
8556,8.556,55,21.6
86,0.086,55,21.6
86,0.086,55,21.6
773,0.773,55,21.6
773,0.773,55,21.6
10871,10.871,55,21.6
10871,10.871,55,21.6
10871,10.871,55,21.6
2006,2.006,55,21.6
2006,2.006,55,21.6
5655,5.655,55,21.6
5655,5.655,55,21.6
8688,8.688,55,21.6
8688,8.688,55,21.6
8213,8.213,55,21.6
8213,8.213,55,21.6
2788,2.788,55,21.6
2788,2.788,55,21.6
9990,9.99,55,21.6
5451,5.451,75,29.4
5451,5.451,75,29.4
5882,5.882,75,29.4
6113,6.113,75,29.4
6257,6.257,75,29.4
6341,6.341,75,29.4
6299,6.299,75,29.4
5528,5.528,75,29.4
5768,5.768,75,29.4
6062,6.062,75,29.4
6071,6.071,75,29.4
5923,5.923,75,29.4
5923,5.923,75,29.4
6213,6.213,75,29.4
5900,5.9,75,29.4
5542,5.542,75,29.4
5934,5.934,75,29.4
5934,5.934,75,29.4
5031,5.031,75,29.4
5931,5.931,75,29.4
6192,6.192,75,29.4
5763,5.763,75,29.4
5763,5.763,75,29.4
5850,5.85,75,29.4
6408,6.408,75,29.4
6030,6.03,75,29.4
6175,6.175,75,29.4
4699,4.699,75,29.4
5454,5.454,75,29.4
5926,5.926,75,29.4
5696,5.696,75,29.4
5992,5.992,75,29.4
5876,5.876,75,29.4
5669,5.669,75,29.4
5669,5.669,75,29.4
5374,5.374,75,29.4
5715,5.715,75,29.4
5784,5.784,75,29.4
5713,5.713,75,29.4
5508,5.508,75,29.4
5836,5.836,75,29.4
5873,5.873,75,29.4
5671,5.671,75,29.4
5671,5.671,75,29.4
5876,5.876,75,29.4
5900,5.9,75,29.4
5413,5.413,75,29.4
5951,5.951,75,29.4
5705,5.705,75,29.4
5776,5.776,75,29.4
5896,5.896,75,29.4
5455,5.455,75,29.4
5400,5.4,75,29.4
5400,5.4,75,29.4
5386,5.386,75,29.4
6014,6.014,75,29.4
5685,5.685,75,29.4
5890,5.89,75,29.4
5823,5.823,75,29.4
5823,5.823,75,29.4
5649,5.649,75,29.4
5935,5.935,75,29.4
5953,5.953,75,29.4
5953,5.953,75,29.4
6156,6.156,75,29.4
5887,5.887,75,29.4
5545,5.545,75,29.4
5426,5.426,75,29.4
5801,5.801,75,29.4
5801,5.801,75,29.4
5947,5.947,75,29.4
5821,5.821,75,29.4
5875,5.875,75,29.4
6072,6.072,75,29.4
5434,5.434,75,29.4
5434,5.434,75,29.4
5861,5.861,75,29.4
5926,5.926,75,29.4
5956,5.956,75,29.4
5956,5.956,75,29.4
5355,5.355,75,29.4
5417,5.417,75,29.4
5710,5.71,75,29.4
6008,6.008,75,29.4
5764,5.764,75,29.4
5764,5.764,75,29.4
6000,6.0,75,29.4
5409,5.409,75,29.4
5340,5.34,75,29.4
5625,5.625,75,29.4
5625,5.625,75,29.4
5903,5.903,75,29.4
4493,4.493,75,29.4
5960,5.96,75,29.4
6112,6.112,75,29.4
5880,5.88,75,29.4
5880,5.88,75,29.4
5606,5.606,75,29.4
5775,5.775,75,29.4
5886,5.886,75,29.4
5922,5.922,75,29.4
5922,5.922,75,29.4
6055,6.055,75,29.4
5758,5.758,75,29.4
5459,5.459,75,29.4
5572,5.572,75,29.4
5938,5.938,75,29.4
5938,5.938,75,29.4
5522,5.522,75,29.4
5771,5.771,75,29.4
5967,5.967,75,29.4
5901,5.901,75,29.4
5538,5.538,75,29.4
5361,5.361,75,29.4
5361,5.361,75,29.4
5635,5.635,75,29.4
5858,5.858,75,29.4
6031,6.031,75,29.4
6031,6.031,75,29.4
5721,5.721,75,29.4
5547,5.547,75,29.4
5586,5.586,75,29.4
4995,4.995,75,29.4
6175,6.175,75,29.4
5921,5.921,75,29.4
5921,5.921,75,29.4
6192,6.192,75,29.4
5950,5.95,75,29.4
5842,5.842,75,29.4
5842,5.842,75,29.4
5924,5.924,75,29.4
5974,5.974,75,29.4
6232,6.232,75,29.4
6232,6.232,75,29.4
5932,5.932,75,29.4
5623,5.623,75,29.4
5743,5.743,75,29.4
6168,6.168,75,29.4
6106,6.106,75,29.4
6106,6.106,75,29.4
6013,6.013,75,29.4
6188,6.188,75,29.4
5949,5.949,75,29.4
5601,5.601,75,29.4
5786,5.786,75,29.4
5750,5.75,75,29.4
5961,5.961,75,29.4
5928,5.928,75,29.4
5928,5.928,75,29.4
5805,5.805,75,29.4
5334,5.334,75,29.4
6086,6.086,75,29.4
5885,5.885,75,29.4
5885,5.885,75,29.4
6096,6.096,75,29.4
5853,5.853,75,29.4
5598,5.598,75,29.4
5396,5.396,75,29.4
5813,5.813,75,29.4
5813,5.813,75,29.4
6034,6.034,75,29.4
5871,5.871,75,29.4
5961,5.961,75,29.4
6134,6.134,75,29.4
5528,5.528,75,29.4
5548,5.548,75,29.4
5972,5.972,75,29.4
5368,5.368,75,29.4
5811,5.811,75,29.4
5811,5.811,75,29.4
5843,5.843,75,29.4
5976,5.976,75,29.4
5677,5.677,75,29.4
5502,5.502,75,29.4
5808,5.808,75,29.4
5808,5.808,75,29.4
6186,6.186,75,29.4
5842,5.842,75,29.4
5975,5.975,75,29.4
5996,5.996,75,29.4
5739,5.739,75,29.4
5273,5.273,75,29.4
5273,5.273,75,29.4
5489,5.489,75,29.4
5201,5.201,75,29.4
5881,5.881,75,29.4
6043,6.043,75,29.4
6043,6.043,75,29.4
5977,5.977,75,29.4
5812,5.812,75,29.4
5463,5.463,75,29.4
5865,5.865,75,29.4
3103,3.103,80,31.4
3058,3.058,80,31.4
3069,3.069,80,31.4
3118,3.118,80,31.4
3355,3.355,80,31.4
3419,3.419,80,31.4
3869,3.869,80,31.4
4074,4.074,80,31.4
4339,4.339,80,31.4
4733,4.733,80,31.4
5134,5.134,80,31.4
5166,5.166,80,31.4
3465,3.465,80,31.4
5293,5.293,80,31.4
2423,2.423,80,31.4
4963,4.963,80,31.4
4929,4.929,80,31.4
5158,5.158,80,31.4
2297,2.297,80,31.4
2297,2.297,80,31.4
5214,5.214,80,31.4
5289,5.289,80,31.4
5376,5.376,80,31.4
3786,3.786,80,31.4
5122,5.122,80,31.4
5488,5.488,80,31.4
3609,3.609,80,31.4
5390,5.39,80,31.4
5460,5.46,80,31.4
5340,5.34,80,31.4
3567,3.567,80,31.4
4981,4.981,80,31.4
4981,4.981,80,31.4
2229,2.229,80,31.4
5463,5.463,80,31.4
5368,5.368,80,31.4
4198,4.198,80,31.4
5313,5.313,80,31.4
5255,5.255,80,31.4
4987,4.987,80,31.4
3679,3.679,80,31.4
5299,5.299,80,31.4
5337,5.337,80,31.4
5337,5.337,80,31.4
5364,5.364,80,31.4
5113,5.113,80,31.4
4865,4.865,80,31.4
2694,2.694,80,31.4
5356,5.356,80,31.4
5263,5.263,80,31.4
5305,5.305,80,31.4
5293,5.293,80,31.4
4938,4.938,80,31.4
5037,5.037,80,31.4
5205,5.205,80,31.4
5463,5.463,80,31.4
5403,5.403,80,31.4
5345,5.345,80,31.4
5345,5.345,80,31.4
2366,2.366,80,31.4
2987,2.987,80,31.4
2906,2.906,80,31.4
4942,4.942,80,31.4
5392,5.392,80,31.4
3063,3.063,80,31.4
5443,5.443,80,31.4
5358,5.358,80,31.4
5117,5.117,80,31.4
5051,5.051,80,31.4
5247,5.247,80,31.4
5247,5.247,80,31.4
5409,5.409,80,31.4
5295,5.295,80,31.4
5183,5.183,80,31.4
5467,5.467,80,31.4
5186,5.186,80,31.4
5155,5.155,80,31.4
5029,5.029,80,31.4
2168,2.168,80,31.4
5449,5.449,80,31.4
5310,5.31,80,31.4
5385,5.385,80,31.4
5404,5.404,80,31.4
5156,5.156,80,31.4
4892,4.892,80,31.4
5023,5.023,80,31.4
5023,5.023,80,31.4
5275,5.275,80,31.4
5259,5.259,80,31.4
5305,5.305,80,31.4
5297,5.297,80,31.4
4960,4.96,80,31.4
4003,4.003,80,31.4
5136,5.136,80,31.4
5336,5.336,80,31.4
5344,5.344,80,31.4
5261,5.261,80,31.4
5416,5.416,80,31.4
5409,5.409,80,31.4
4993,4.993,80,31.4
5168,5.168,80,31.4
5168,5.168,80,31.4
4975,4.975,80,31.4
5429,5.429,80,31.4
5456,5.456,80,31.4
5504,5.504,80,31.4
5291,5.291,80,31.4
3767,3.767,80,31.4
5356,5.356,80,31.4
5527,5.527,80,31.4
5527,5.527,80,31.4
5407,5.407,80,31.4
5402,5.402,80,31.4
5478,5.478,80,31.4
3565,3.565,80,31.4
4995,4.995,80,31.4
4090,4.09,80,31.4
5438,5.438,80,31.4
5404,5.404,80,31.4
5443,5.443,80,31.4
5430,5.43,80,31.4
5437,5.437,80,31.4
5437,5.437,80,31.4
4060,4.06,80,31.4
5042,5.042,80,31.4
5250,5.25,80,31.4
3415,3.415,80,31.4
5331,5.331,80,31.4
5443,5.443,80,31.4
5433,5.433,80,31.4
4982,4.982,80,31.4
4986,4.986,80,31.4
5203,5.203,80,31.4
5425,5.425,80,31.4
5385,5.385,80,31.4
5385,5.385,80,31.4
5393,5.393,80,31.4
5414,5.414,80,31.4
5233,5.233,80,31.4
5364,5.364,80,31.4
5465,5.465,80,31.4
2321,2.321,80,31.4
5371,5.371,80,31.4
5539,5.539,80,31.4
2958,2.958,80,31.4
2958,2.958,80,31.4
5100,5.1,80,31.4
5355,5.355,80,31.4
5233,5.233,80,31.4
5310,5.31,80,31.4
5284,5.284,80,31.4
5384,5.384,80,31.4
5015,5.015,80,31.4
4993,4.993,80,31.4
5136,5.136,80,31.4
5494,5.494,80,31.4
5458,5.458,80,31.4
5505,5.505,80,31.4
5505,5.505,80,31.4
5467,5.467,80,31.4
5460,5.46,80,31.4
4993,4.993,80,31.4
4524,4.524,80,31.4
5410,5.41,80,31.4
5281,5.281,80,31.4
4411,4.411,80,31.4
5393,5.393,80,31.4
3522,3.522,80,31.4
5192,5.192,80,31.4
5345,5.345,80,31.4
2462,2.462,80,31.4
5394,5.394,80,31.4
5348,5.348,80,31.4
4966,4.966,80,31.4
5074,5.074,80,31.4
5260,5.26,80,31.4
5513,5.513,80,31.4
2934,2.934,80,31.4
5390,5.39,80,31.4
5469,5.469,80,31.4
3454,3.454,80,31.4
5042,5.042,80,31.4
5345,5.345,80,31.4
4473,4.473,80,31.4
5339,5.339,80,31.4
5392,5.392,80,31.4
5403,5.403,80,31.4
3575,3.575,80,31.4
4896,4.896,80,31.4
5148,5.148,80,31.4
5428,5.428,80,31.4
5044,5.044,80,31.4
4560,4.56,80,31.4
5340,5.34,80,31.4
5340,5.34,80,31.4
5356,5.356,80,31.4
4993,4.993,80,31.4
5268,5.268,80,31.4
5546,5.546,80,31.4
5448,5.448,80,31.4
5440,5.44,80,31.4
5499,5.499,80,31.4
4987,4.987,80,31.4
5190,5.19,80,31.4
5351,5.351,80,31.4
5351,5.351,80,31.4
3249,3.249,80,31.4
5404,5.404,80,31.4
5416,5.416,80,31.4
5254,5.254,80,31.4
5051,5.051,80,31.4
5397,5.397,80,31.4
5525,5.525,80,31.4
5507,5.507,80,31.4
2209,2.209,80,31.4
4922,4.922,80,31.4
3479,3.479,80,31.4
4577,4.577,80,31.4
5465,5.465,80,31.4
5406,5.406,80,31.4
5390,5.39,80,31.4
5395,5.395,80,31.4
5128,5.128,80,31.4
4364,4.364,80,31.4
5038,5.038,80,31.4
5300,5.3,80,31.4
3777,3.777,100,39.2
3795,3.795,100,39.2
3368,3.368,100,39.2
3757,3.757,100,39.2
3766,3.766,100,39.2
3859,3.859,100,39.2
3781,3.781,100,39.2
3700,3.7,100,39.2
3807,3.807,100,39.2
3701,3.701,100,39.2
3646,3.646,100,39.2
3811,3.811,100,39.2
3688,3.688,100,39.2
3784,3.784,100,39.2
3739,3.739,100,39.2
3637,3.637,100,39.2
3580,3.58,100,39.2
3628,3.628,100,39.2
3764,3.764,100,39.2
3606,3.606,100,39.2
3605,3.605,100,39.2
3752,3.752,100,39.2
3673,3.673,100,39.2
3775,3.775,100,39.2
3649,3.649,100,39.2
3660,3.66,100,39.2
3776,3.776,100,39.2
3708,3.708,100,39.2
3741,3.741,100,39.2
3696,3.696,100,39.2
3676,3.676,100,39.2
3568,3.568,100,39.2
3613,3.613,100,39.2
3681,3.681,100,39.2
3600,3.6,100,39.2
3665,3.665,100,39.2
3631,3.631,100,39.2
3662,3.662,100,39.2
3717,3.717,100,39.2
3679,3.679,100,39.2
3636,3.636,100,39.2
3566,3.566,100,39.2
3700,3.7,100,39.2
3693,3.693,100,39.2
3643,3.643,100,39.2
3689,3.689,100,39.2
3610,3.61,100,39.2
3565,3.565,100,39.2
3571,3.571,100,39.2
3587,3.587,100,39.2
3596,3.596,100,39.2
3526,3.526,100,39.2
3485,3.485,100,39.2
3461,3.461,100,39.2
3571,3.571,100,39.2
3480,3.48,100,39.2
3413,3.413,100,39.2
3422,3.422,100,39.2
3283,3.283,100,39.2
3443,3.443,100,39.2
3433,3.433,100,39.2
3430,3.43,100,39.2
3407,3.407,100,39.2
3504,3.504,100,39.2
3512,3.512,100,39.2
3471,3.471,100,39.2
3584,3.584,100,39.2
3480,3.48,100,39.2
3460,3.46,100,39.2
3408,3.408,100,39.2
3451,3.451,100,39.2
3529,3.529,100,39.2
3412,3.412,100,39.2
3328,3.328,100,39.2
3269,3.269,100,39.2
3246,3.246,100,39.2
3321,3.321,100,39.2
3289,3.289,100,39.2
3262,3.262,100,39.2
3222,3.222,100,39.2
3285,3.285,100,39.2
3325,3.325,100,39.2
3312,3.312,100,39.2
3318,3.318,100,39.2
3427,3.427,100,39.2
3430,3.43,100,39.2
3495,3.495,100,39.2
3468,3.468,100,39.2
3514,3.514,100,39.2
3390,3.39,100,39.2
3384,3.384,100,39.2
3445,3.445,100,39.2
3420,3.42,100,39.2
3479,3.479,100,39.2
3428,3.428,100,39.2
3418,3.418,100,39.2
3502,3.502,100,39.2
3529,3.529,100,39.2
3540,3.54,100,39.2
3526,3.526,100,39.2
3602,3.602,100,39.2
3489,3.489,100,39.2
3479,3.479,100,39.2
3559,3.559,100,39.2
3575,3.575,100,39.2
3633,3.633,100,39.2
3509,3.509,100,39.2
3434,3.434,100,39.2
3430,3.43,100,39.2
3532,3.532,100,39.2
3525,3.525,100,39.2
3482,3.482,100,39.2
3498,3.498,100,39.2
3553,3.553,100,39.2
3572,3.572,100,39.2
3593,3.593,100,39.2
3479,3.479,100,39.2
3611,3.611,100,39.2
3605,3.605,100,39.2
3547,3.547,100,39.2
3616,3.616,100,39.2
3564,3.564,100,39.2
3469,3.469,100,39.2
3407,3.407,100,39.2
3388,3.388,100,39.2
3347,3.347,100,39.2
3334,3.334,100,39.2
3272,3.272,100,39.2
3274,3.274,100,39.2
3310,3.31,100,39.2
3380,3.38,100,39.2
3357,3.357,100,39.2
3450,3.45,100,39.2
3429,3.429,100,39.2
3410,3.41,100,39.2
3429,3.429,100,39.2
3360,3.36,100,39.2
3424,3.424,100,39.2
3386,3.386,100,39.2
3375,3.375,100,39.2
3500,3.5,100,39.2
3550,3.55,100,39.2
3467,3.467,100,39.2
3558,3.558,100,39.2
3595,3.595,100,39.2
3702,3.702,100,39.2
3547,3.547,100,39.2
3529,3.529,100,39.2
3647,3.647,100,39.2
3540,3.54,100,39.2
3586,3.586,100,39.2
3558,3.558,100,39.2
3382,3.382,100,39.2
3326,3.326,100,39.2
3305,3.305,100,39.2
3538,3.538,100,39.2
3445,3.445,100,39.2
3536,3.536,100,39.2
3546,3.546,100,39.2
3606,3.606,100,39.2
3699,3.699,100,39.2
3583,3.583,100,39.2
3655,3.655,100,39.2
3561,3.561,100,39.2
3498,3.498,100,39.2
3545,3.545,100,39.2
3531,3.531,100,39.2
3490,3.49,100,39.2
3492,3.492,100,39.2
3597,3.597,100,39.2
3594,3.594,100,39.2
3572,3.572,100,39.2
3536,3.536,100,39.2
3481,3.481,100,39.2
3544,3.544,100,39.2
3473,3.473,100,39.2
3567,3.567,100,39.2
3544,3.544,100,39.2
3573,3.573,100,39.2
3578,3.578,100,39.2
3649,3.649,100,39.2
3565,3.565,100,39.2
3560,3.56,100,39.2
3558,3.558,100,39.2
3477,3.477,100,39.2
3414,3.414,100,39.2
3483,3.483,100,39.2
3438,3.438,100,39.2
3340,3.34,100,39.2
3296,3.296,100,39.2
3384,3.384,100,39.2
3413,3.413,100,39.2
3410,3.41,100,39.2
3491,3.491,100,39.2
3423,3.423,100,39.2
3545,3.545,100,39.2
3548,3.548,100,39.2
3619,3.619,100,39.2
3736,3.736,100,39.2
3642,3.642,100,39.2
3593,3.593,100,39.2
3729,3.729,100,39.2
3615,3.615,100,39.2
3668,3.668,100,39.2
3627,3.627,100,39.2
3598,3.598,100,39.2
3546,3.546,100,39.2
3568,3.568,100,39.2
3511,3.511,100,39.2
3615,3.615,100,39.2
3495,3.495,100,39.2
3392,3.392,100,39.2
3441,3.441,100,39.2
3412,3.412,100,39.2
3404,3.404,100,39.2
3382,3.382,100,39.2
3502,3.502,100,39.2
3416,3.416,100,39.2
3494,3.494,100,39.2
3603,3.603,100,39.2
3038,3.038,105,41.2
3142,3.142,105,41.2
3349,3.349,105,41.2
3301,3.301,105,41.2
3350,3.35,105,41.2
3421,3.421,105,41.2
3136,3.136,105,41.2
3292,3.292,105,41.2
3286,3.286,105,41.2
3389,3.389,105,41.2
3406,3.406,105,41.2
3281,3.281,105,41.2
3258,3.258,105,41.2
3353,3.353,105,41.2
3313,3.313,105,41.2
3262,3.262,105,41.2
3299,3.299,105,41.2
3326,3.326,105,41.2
3255,3.255,105,41.2
3245,3.245,105,41.2
3349,3.349,105,41.2
3337,3.337,105,41.2
3242,3.242,105,41.2
3193,3.193,105,41.2
3241,3.241,105,41.2
3248,3.248,105,41.2
3259,3.259,105,41.2
3353,3.353,105,41.2
3291,3.291,105,41.2
3248,3.248,105,41.2
3310,3.31,105,41.2
3320,3.32,105,41.2
3352,3.352,105,41.2
3208,3.208,105,41.2
3230,3.23,105,41.2
3228,3.228,105,41.2
3316,3.316,105,41.2
3250,3.25,105,41.2
3280,3.28,105,41.2
3355,3.355,105,41.2
3446,3.446,105,41.2
3398,3.398,105,41.2
3362,3.362,105,41.2
3384,3.384,105,41.2
3384,3.384,105,41.2
3381,3.381,105,41.2
3442,3.442,105,41.2
3440,3.44,105,41.2
3452,3.452,105,41.2
3429,3.429,105,41.2
3458,3.458,105,41.2
3365,3.365,105,41.2
3297,3.297,105,41.2
3386,3.386,105,41.2
3353,3.353,105,41.2
3257,3.257,105,41.2
3238,3.238,105,41.2
3249,3.249,105,41.2
3198,3.198,105,41.2
3222,3.222,105,41.2
3243,3.243,105,41.2
3242,3.242,105,41.2
3168,3.168,105,41.2
3171,3.171,105,41.2
3227,3.227,105,41.2
3240,3.24,105,41.2
3261,3.261,105,41.2
3191,3.191,105,41.2
3159,3.159,105,41.2
3220,3.22,105,41.2
3193,3.193,105,41.2
3193,3.193,105,41.2
3289,3.289,105,41.2
3169,3.169,105,41.2
3199,3.199,105,41.2
3211,3.211,105,41.2
3295,3.295,105,41.2
3216,3.216,105,41.2
3134,3.134,105,41.2
3133,3.133,105,41.2
3117,3.117,105,41.2
3186,3.186,105,41.2
3184,3.184,105,41.2
3177,3.177,105,41.2
3104,3.104,105,41.2
3095,3.095,105,41.2
3100,3.1,105,41.2
3114,3.114,105,41.2
3025,3.025,105,41.2
3112,3.112,105,41.2
3159,3.159,105,41.2
3171,3.171,105,41.2
3132,3.132,105,41.2
3153,3.153,105,41.2
3257,3.257,105,41.2
3222,3.222,105,41.2
3196,3.196,105,41.2
3296,3.296,105,41.2
3268,3.268,105,41.2
3175,3.175,105,41.2
3220,3.22,105,41.2
3142,3.142,105,41.2
3179,3.179,105,41.2
3180,3.18,105,41.2
3183,3.183,105,41.2
3070,3.07,105,41.2
3091,3.091,105,41.2
3120,3.12,105,41.2
3242,3.242,105,41.2
3153,3.153,105,41.2
3152,3.152,105,41.2
3206,3.206,105,41.2
3193,3.193,105,41.2
3156,3.156,105,41.2
3246,3.246,105,41.2
3214,3.214,105,41.2
3206,3.206,105,41.2
3173,3.173,105,41.2
3236,3.236,105,41.2
3325,3.325,105,41.2
3248,3.248,105,41.2
3342,3.342,105,41.2
3229,3.229,105,41.2
3328,3.328,105,41.2
3293,3.293,105,41.2
3317,3.317,105,41.2
3417,3.417,105,41.2
3363,3.363,105,41.2
3244,3.244,105,41.2
3242,3.242,105,41.2
3326,3.326,105,41.2
3278,3.278,105,41.2
3282,3.282,105,41.2
3209,3.209,105,41.2
3289,3.289,105,41.2
3280,3.28,105,41.2
3205,3.205,105,41.2
3170,3.17,105,41.2
3098,3.098,105,41.2
3124,3.124,105,41.2
3128,3.128,105,41.2
3148,3.148,105,41.2
3191,3.191,105,41.2
3190,3.19,105,41.2
3189,3.189,105,41.2
3193,3.193,105,41.2
3138,3.138,105,41.2
3245,3.245,105,41.2
3251,3.251,105,41.2
3304,3.304,105,41.2
3189,3.189,105,41.2
3247,3.247,105,41.2
3296,3.296,105,41.2
3195,3.195,105,41.2
3199,3.199,105,41.2
3307,3.307,105,41.2
3244,3.244,105,41.2
3168,3.168,105,41.2
3193,3.193,105,41.2
3212,3.212,105,41.2
3130,3.13,105,41.2
3151,3.151,105,41.2
3113,3.113,105,41.2
3179,3.179,105,41.2
3207,3.207,105,41.2
3258,3.258,105,41.2
3334,3.334,105,41.2
3263,3.263,105,41.2
3240,3.24,105,41.2
3267,3.267,105,41.2
3272,3.272,105,41.2
3268,3.268,105,41.2
3330,3.33,105,41.2
3292,3.292,105,41.2
3230,3.23,105,41.2
3219,3.219,105,41.2
3233,3.233,105,41.2
3263,3.263,105,41.2
2987,2.987,105,41.2
3205,3.205,105,41.2
3227,3.227,105,41.2
3247,3.247,105,41.2
3228,3.228,105,41.2
3163,3.163,105,41.2
3224,3.224,105,41.2
3243,3.243,105,41.2
3330,3.33,105,41.2
3302,3.302,105,41.2
3315,3.315,105,41.2
3317,3.317,105,41.2
3229,3.229,105,41.2
3211,3.211,105,41.2
3243,3.243,105,41.2
3317,3.317,105,41.2
3212,3.212,105,41.2
3286,3.286,105,41.2
3315,3.315,105,41.2
3222,3.222,105,41.2
3250,3.25,105,41.2
3210,3.21,105,41.2
3178,3.178,105,41.2
3139,3.139,105,41.2
3141,3.141,105,41.2
3116,3.116,105,41.2
3134,3.134,105,41.2
3153,3.153,105,41.2
3151,3.151,105,41.2
3225,3.225,105,41.2
3193,3.193,105,41.2
3277,3.277,105,41.2
3207,3.207,105,41.2
3259,3.259,105,41.2
3310,3.31,105,41.2
3247,3.247,105,41.2
3249,3.249,105,41.2
3309,3.309,105,41.2
3318,3.318,105,41.2
3215,3.215,105,41.2
3234,3.234,105,41.2
3272,3.272,105,41.2
3106,3.106,105,41.2
3088,3.088,105,41.2
3104,3.104,105,41.2
2378,2.378,125,49.0
2366,2.366,125,49.0
2367,2.367,125,49.0
2333,2.333,125,49.0
2351,2.351,125,49.0
2341,2.341,125,49.0
2367,2.367,125,49.0
2329,2.329,125,49.0
2333,2.333,125,49.0
2318,2.318,125,49.0
2319,2.319,125,49.0
2309,2.309,125,49.0
2290,2.29,125,49.0
2306,2.306,125,49.0
2311,2.311,125,49.0
2350,2.35,125,49.0
2305,2.305,125,49.0
2325,2.325,125,49.0
2313,2.313,125,49.0
2339,2.339,125,49.0
2318,2.318,125,49.0
2321,2.321,125,49.0
2326,2.326,125,49.0
2316,2.316,125,49.0
2337,2.337,125,49.0
2314,2.314,125,49.0
2332,2.332,125,49.0
2328,2.328,125,49.0
2345,2.345,125,49.0
2322,2.322,125,49.0
2307,2.307,125,49.0
2316,2.316,125,49.0
2317,2.317,125,49.0
2315,2.315,125,49.0
2307,2.307,125,49.0
2297,2.297,125,49.0
2349,2.349,125,49.0
2325,2.325,125,49.0
2320,2.32,125,49.0
2327,2.327,125,49.0
2317,2.317,125,49.0
2334,2.334,125,49.0
2298,2.298,125,49.0
2309,2.309,125,49.0
2304,2.304,125,49.0
2304,2.304,125,49.0
2293,2.293,125,49.0
2285,2.285,125,49.0
2318,2.318,125,49.0
2282,2.282,125,49.0
2323,2.323,125,49.0
2265,2.265,125,49.0
2268,2.268,125,49.0
2292,2.292,125,49.0
2285,2.285,125,49.0
2277,2.277,125,49.0
2299,2.299,125,49.0
2290,2.29,125,49.0
2326,2.326,125,49.0
2312,2.312,125,49.0
2326,2.326,125,49.0
2337,2.337,125,49.0
2368,2.368,125,49.0
2330,2.33,125,49.0
2311,2.311,125,49.0
2345,2.345,125,49.0
2312,2.312,125,49.0
2347,2.347,125,49.0
2303,2.303,125,49.0
2319,2.319,125,49.0
2317,2.317,125,49.0
2336,2.336,125,49.0
2326,2.326,125,49.0
2314,2.314,125,49.0
2323,2.323,125,49.0
2299,2.299,125,49.0
2329,2.329,125,49.0
2306,2.306,125,49.0
2308,2.308,125,49.0
2280,2.28,125,49.0
2327,2.327,125,49.0
2309,2.309,125,49.0
2288,2.288,125,49.0
2299,2.299,125,49.0
2301,2.301,125,49.0
2332,2.332,125,49.0
2292,2.292,125,49.0
2279,2.279,125,49.0
2361,2.361,125,49.0
2347,2.347,125,49.0
2350,2.35,125,49.0
2335,2.335,125,49.0
2349,2.349,125,49.0
2314,2.314,125,49.0
2319,2.319,125,49.0
2316,2.316,125,49.0
2303,2.303,125,49.0
2315,2.315,125,49.0
2272,2.272,125,49.0
2298,2.298,125,49.0
2288,2.288,125,49.0
2301,2.301,125,49.0
2294,2.294,125,49.0
2286,2.286,125,49.0
2350,2.35,125,49.0
2370,2.37,125,49.0
2320,2.32,125,49.0
2298,2.298,125,49.0
2312,2.312,125,49.0
2291,2.291,125,49.0
2318,2.318,125,49.0
2287,2.287,125,49.0
2316,2.316,125,49.0
2317,2.317,125,49.0
2309,2.309,125,49.0
2307,2.307,125,49.0
2292,2.292,125,49.0
2345,2.345,125,49.0
2321,2.321,125,49.0
2354,2.354,125,49.0
2300,2.3,125,49.0
2313,2.313,125,49.0
2320,2.32,125,49.0
2299,2.299,125,49.0
2309,2.309,125,49.0
2306,2.306,125,49.0
2313,2.313,125,49.0
2300,2.3,125,49.0
2340,2.34,125,49.0
2306,2.306,125,49.0
2318,2.318,125,49.0
2326,2.326,125,49.0
2342,2.342,125,49.0
2339,2.339,125,49.0
2303,2.303,125,49.0
2307,2.307,125,49.0
2282,2.282,125,49.0
2310,2.31,125,49.0
2277,2.277,125,49.0
2295,2.295,125,49.0
2293,2.293,125,49.0
2319,2.319,125,49.0
2312,2.312,125,49.0
2311,2.311,125,49.0
2324,2.324,125,49.0
2311,2.311,125,49.0
2332,2.332,125,49.0
2296,2.296,125,49.0
2302,2.302,125,49.0
2319,2.319,125,49.0
2324,2.324,125,49.0
2300,2.3,125,49.0
2275,2.275,125,49.0
2310,2.31,125,49.0
2279,2.279,125,49.0
2317,2.317,125,49.0
2325,2.325,125,49.0
2325,2.325,125,49.0
2316,2.316,125,49.0
2323,2.323,125,49.0
2304,2.304,125,49.0
2295,2.295,125,49.0
2320,2.32,125,49.0
2304,2.304,125,49.0
2351,2.351,125,49.0
2376,2.376,125,49.0
2379,2.379,125,49.0
2342,2.342,125,49.0
2377,2.377,125,49.0
2332,2.332,125,49.0
2376,2.376,125,49.0
2338,2.338,125,49.0
2348,2.348,125,49.0
2318,2.318,125,49.0
2342,2.342,125,49.0
2287,2.287,125,49.0
2318,2.318,125,49.0
2283,2.283,125,49.0
2311,2.311,125,49.0
2302,2.302,125,49.0
2317,2.317,125,49.0
2319,2.319,125,49.0
2307,2.307,125,49.0
2336,2.336,125,49.0
2303,2.303,125,49.0
2327,2.327,125,49.0
2304,2.304,125,49.0
2303,2.303,125,49.0
2345,2.345,125,49.0
2319,2.319,125,49.0
2338,2.338,125,49.0
2313,2.313,125,49.0
2354,2.354,125,49.0
2297,2.297,125,49.0
2335,2.335,125,49.0
2302,2.302,125,49.0
2314,2.314,125,49.0
2335,2.335,125,49.0
2316,2.316,125,49.0
2314,2.314,125,49.0
2291,2.291,125,49.0
2320,2.32,125,49.0
2295,2.295,125,49.0
2342,2.342,125,49.0
2383,2.383,125,49.0
2361,2.361,125,49.0
2355,2.355,125,49.0
2319,2.319,125,49.0
2331,2.331,125,49.0
2279,2.279,125,49.0
2310,2.31,125,49.0
2281,2.281,125,49.0
2319,2.319,125,49.0
2309,2.309,125,49.0
2301,2.301,125,49.0
2323,2.323,125,49.0
2317,2.317,125,49.0
2310,2.31,125,49.0
2280,2.28,125,49.0
2312,2.312,125,49.0
2289,2.289,125,49.0
2298,2.298,125,49.0
2310,2.31,125,49.0
2288,2.288,125,49.0
2290,2.29,125,49.0
2277,2.277,125,49.0
2312,2.312,125,49.0
2239,2.239,130,51.0
2312,2.312,130,51.0
2332,2.332,130,51.0
2366,2.366,130,51.0
2379,2.379,130,51.0
2468,2.468,130,51.0
2435,2.435,130,51.0
2377,2.377,130,51.0
2392,2.392,130,51.0
2453,2.453,130,51.0
2430,2.43,130,51.0
2457,2.457,130,51.0
2444,2.444,130,51.0
2405,2.405,130,51.0
2327,2.327,130,51.0
2308,2.308,130,51.0
2302,2.302,130,51.0
2304,2.304,130,51.0
2343,2.343,130,51.0
2386,2.386,130,51.0
2391,2.391,130,51.0
2372,2.372,130,51.0
2341,2.341,130,51.0
2295,2.295,130,51.0
2305,2.305,130,51.0
2284,2.284,130,51.0
2301,2.301,130,51.0
2377,2.377,130,51.0
2363,2.363,130,51.0
2343,2.343,130,51.0
2363,2.363,130,51.0
2414,2.414,130,51.0
2378,2.378,130,51.0
2332,2.332,130,51.0
2340,2.34,130,51.0
2300,2.3,130,51.0
2301,2.301,130,51.0
2314,2.314,130,51.0
2310,2.31,130,51.0
2334,2.334,130,51.0
2358,2.358,130,51.0
2328,2.328,130,51.0
2339,2.339,130,51.0
2300,2.3,130,51.0
2308,2.308,130,51.0
2290,2.29,130,51.0
2276,2.276,130,51.0
2283,2.283,130,51.0
2360,2.36,130,51.0
2353,2.353,130,51.0
2316,2.316,130,51.0
2322,2.322,130,51.0
2302,2.302,130,51.0
2413,2.413,130,51.0
2393,2.393,130,51.0
2447,2.447,130,51.0
2459,2.459,130,51.0
2417,2.417,130,51.0
2465,2.465,130,51.0
2421,2.421,130,51.0
2456,2.456,130,51.0
2426,2.426,130,51.0
2451,2.451,130,51.0
2421,2.421,130,51.0
2338,2.338,130,51.0
2317,2.317,130,51.0
2299,2.299,130,51.0
2289,2.289,130,51.0
2283,2.283,130,51.0
2269,2.269,130,51.0
2343,2.343,130,51.0
2350,2.35,130,51.0
2408,2.408,130,51.0
2432,2.432,130,51.0
2460,2.46,130,51.0
2419,2.419,130,51.0
2365,2.365,130,51.0
2324,2.324,130,51.0
2301,2.301,130,51.0
2369,2.369,130,51.0
2403,2.403,130,51.0
2411,2.411,130,51.0
2382,2.382,130,51.0
2332,2.332,130,51.0
2356,2.356,130,51.0
2404,2.404,130,51.0
2383,2.383,130,51.0
2334,2.334,130,51.0
2321,2.321,130,51.0
2311,2.311,130,51.0
2293,2.293,130,51.0
2325,2.325,130,51.0
2344,2.344,130,51.0
2365,2.365,130,51.0
2295,2.295,130,51.0
2307,2.307,130,51.0
2283,2.283,130,51.0
2294,2.294,130,51.0
2286,2.286,130,51.0
2285,2.285,130,51.0
2340,2.34,130,51.0
2367,2.367,130,51.0
2334,2.334,130,51.0
2295,2.295,130,51.0
2296,2.296,130,51.0
2304,2.304,130,51.0
2325,2.325,130,51.0
2348,2.348,130,51.0
2398,2.398,130,51.0
2323,2.323,130,51.0
2316,2.316,130,51.0
2281,2.281,130,51.0
2322,2.322,130,51.0
2356,2.356,130,51.0
2354,2.354,130,51.0
2375,2.375,130,51.0
2384,2.384,130,51.0
2336,2.336,130,51.0
2328,2.328,130,51.0
2294,2.294,130,51.0
2300,2.3,130,51.0
2284,2.284,130,51.0
2292,2.292,130,51.0
2292,2.292,130,51.0
2312,2.312,130,51.0
2354,2.354,130,51.0
2343,2.343,130,51.0
2343,2.343,130,51.0
2348,2.348,130,51.0
2290,2.29,130,51.0
2279,2.279,130,51.0
2280,2.28,130,51.0
2281,2.281,130,51.0
2290,2.29,130,51.0
2269,2.269,130,51.0
2297,2.297,130,51.0
2276,2.276,130,51.0
2276,2.276,130,51.0
2278,2.278,130,51.0
2299,2.299,130,51.0
2290,2.29,130,51.0
2325,2.325,130,51.0
2387,2.387,130,51.0
2364,2.364,130,51.0
2321,2.321,130,51.0
2325,2.325,130,51.0
2325,2.325,130,51.0
2311,2.311,130,51.0
2350,2.35,130,51.0
2377,2.377,130,51.0
2429,2.429,130,51.0
2368,2.368,130,51.0
2342,2.342,130,51.0
2368,2.368,130,51.0
2426,2.426,130,51.0
2357,2.357,130,51.0
2320,2.32,130,51.0
2392,2.392,130,51.0
2374,2.374,130,51.0
2319,2.319,130,51.0
2293,2.293,130,51.0
2265,2.265,130,51.0
2283,2.283,130,51.0
2270,2.27,130,51.0
2273,2.273,130,51.0
2311,2.311,130,51.0
2333,2.333,130,51.0
2330,2.33,130,51.0
2277,2.277,130,51.0
2296,2.296,130,51.0
2280,2.28,130,51.0
2305,2.305,130,51.0
2276,2.276,130,51.0
2274,2.274,130,51.0
2287,2.287,130,51.0
2326,2.326,130,51.0
2365,2.365,130,51.0
2348,2.348,130,51.0
2319,2.319,130,51.0
2322,2.322,130,51.0
2299,2.299,130,51.0
2270,2.27,130,51.0
2282,2.282,130,51.0
2273,2.273,130,51.0
2292,2.292,130,51.0
2253,2.253,130,51.0
2266,2.266,130,51.0
2258,2.258,130,51.0
2267,2.267,130,51.0
2266,2.266,130,51.0
2288,2.288,130,51.0
2340,2.34,130,51.0
2388,2.388,130,51.0
2344,2.344,130,51.0
2303,2.303,130,51.0
2304,2.304,130,51.0
2285,2.285,130,51.0
2303,2.303,130,51.0
2362,2.362,130,51.0
2342,2.342,130,51.0
2283,2.283,130,51.0
2301,2.301,130,51.0
2258,2.258,130,51.0
2283,2.283,130,51.0
2300,2.3,130,51.0
2292,2.292,130,51.0
2309,2.309,130,51.0
2260,2.26,130,51.0
2265,2.265,130,51.0
2271,2.271,130,51.0
2269,2.269,130,51.0
2243,2.243,130,51.0
2271,2.271,130,51.0
2265,2.265,130,51.0
2304,2.304,130,51.0
2257,2.257,130,51.0
2278,2.278,130,51.0
2276,2.276,130,51.0
2272,2.272,130,51.0
2325,2.325,130,51.0
2342,2.342,130,51.0
2292,2.292,130,51.0
2325,2.325,130,51.0
2292,2.292,130,51.0
2268,2.268,130,51.0
2274,2.274,130,51.0
2266,2.266,130,51.0
2289,2.289,130,51.0
2274,2.274,130,51.0
2297,2.297,130,51.0
2253,2.253,130,51.0
2291,2.291,130,51.0
2269,2.269,130,51.0
2257,2.257,130,51.0
2315,2.315,130,51.0
2358,2.358,130,51.0
2172,2.172,150,58.8
2110,2.11,150,58.8
2097,2.097,150,58.8
2063,2.063,150,58.8
2104,2.104,150,58.8
2076,2.076,150,58.8
2131,2.131,150,58.8
2129,2.129,150,58.8
2128,2.128,150,58.8
2118,2.118,150,58.8
2074,2.074,150,58.8
2127,2.127,150,58.8
2072,2.072,150,58.8
2078,2.078,150,58.8
2074,2.074,150,58.8
2083,2.083,150,58.8
2132,2.132,150,58.8
2103,2.103,150,58.8
2116,2.116,150,58.8
2157,2.157,150,58.8
2179,2.179,150,58.8
2167,2.167,150,58.8
2096,2.096,150,58.8
2099,2.099,150,58.8
2158,2.158,150,58.8
2134,2.134,150,58.8
2194,2.194,150,58.8
2153,2.153,150,58.8
2094,2.094,150,58.8
2102,2.102,150,58.8
2060,2.06,150,58.8
2090,2.09,150,58.8
2082,2.082,150,58.8
2047,2.047,150,58.8
2043,2.043,150,58.8
2026,2.026,150,58.8
2033,2.033,150,58.8
2005,2.005,150,58.8
2084,2.084,150,58.8
2045,2.045,150,58.8
2122,2.122,150,58.8
2069,2.069,150,58.8
2050,2.05,150,58.8
2037,2.037,150,58.8
2014,2.014,150,58.8
2026,2.026,150,58.8
2015,2.015,150,58.8
2030,2.03,150,58.8
2015,2.015,150,58.8
2038,2.038,150,58.8
2035,2.035,150,58.8
2018,2.018,150,58.8
2000,2.0,150,58.8
1991,1.991,150,58.8
2006,2.006,150,58.8
1986,1.986,150,58.8
2028,2.028,150,58.8
2023,2.023,150,58.8
2011,2.011,150,58.8
1992,1.992,150,58.8
1961,1.961,150,58.8
1971,1.971,150,58.8
1968,1.968,150,58.8
1983,1.983,150,58.8
1980,1.98,150,58.8
1979,1.979,150,58.8
1990,1.99,150,58.8
1973,1.973,150,58.8
2014,2.014,150,58.8
2023,2.023,150,58.8
2017,2.017,150,58.8
2003,2.003,150,58.8
2036,2.036,150,58.8
1989,1.989,150,58.8
1970,1.97,150,58.8
1985,1.985,150,58.8
1985,1.985,150,58.8
2003,2.003,150,58.8
1981,1.981,150,58.8
1977,1.977,150,58.8
1969,1.969,150,58.8
2039,2.039,150,58.8
1996,1.996,150,58.8
1982,1.982,150,58.8
1994,1.994,150,58.8
1977,1.977,150,58.8
1996,1.996,150,58.8
1978,1.978,150,58.8
1999,1.999,150,58.8
1994,1.994,150,58.8
1988,1.988,150,58.8
1996,1.996,150,58.8
1968,1.968,150,58.8
1993,1.993,150,58.8
1973,1.973,150,58.8
1972,1.972,150,58.8
1980,1.98,150,58.8
1979,1.979,150,58.8
1979,1.979,150,58.8
1959,1.959,150,58.8
1986,1.986,150,58.8
1993,1.993,150,58.8
1994,1.994,150,58.8
2000,2.0,150,58.8
1981,1.981,150,58.8
1981,1.981,150,58.8
1988,1.988,150,58.8
1990,1.99,150,58.8
1971,1.971,150,58.8
2041,2.041,150,58.8
2025,2.025,150,58.8
2040,2.04,150,58.8
2023,2.023,150,58.8
2062,2.062,150,58.8
2041,2.041,150,58.8
2026,2.026,150,58.8
2024,2.024,150,58.8
2014,2.014,150,58.8
2043,2.043,150,58.8
2020,2.02,150,58.8
2002,2.002,150,58.8
2011,2.011,150,58.8
2009,2.009,150,58.8
2053,2.053,150,58.8
2023,2.023,150,58.8
2088,2.088,150,58.8
2049,2.049,150,58.8
2042,2.042,150,58.8
2007,2.007,150,58.8
2051,2.051,150,58.8
2039,2.039,150,58.8
2061,2.061,150,58.8
2032,2.032,150,58.8
2002,2.002,150,58.8
2090,2.09,150,58.8
2039,2.039,150,58.8
2034,2.034,150,58.8
2026,2.026,150,58.8
2043,2.043,150,58.8
2060,2.06,150,58.8
2088,2.088,150,58.8
2135,2.135,150,58.8
2008,2.008,150,58.8
2063,2.063,150,58.8
2006,2.006,150,58.8
2033,2.033,150,58.8
2000,2.0,150,58.8
2018,2.018,150,58.8
2068,2.068,150,58.8
2062,2.062,150,58.8
2051,2.051,150,58.8
2072,2.072,150,58.8
2129,2.129,150,58.8
2098,2.098,150,58.8
2099,2.099,150,58.8
2024,2.024,150,58.8
2029,2.029,150,58.8
2007,2.007,150,58.8
1991,1.991,150,58.8
1978,1.978,150,58.8
1941,1.941,150,58.8
1942,1.942,150,58.8
1912,1.912,150,58.8
1925,1.925,150,58.8
1907,1.907,150,58.8
1910,1.91,150,58.8
1905,1.905,150,58.8
1890,1.89,150,58.8
1918,1.918,150,58.8
1914,1.914,150,58.8
1928,1.928,150,58.8
1908,1.908,150,58.8
1911,1.911,150,58.8
1901,1.901,150,58.8
1892,1.892,150,58.8
1926,1.926,150,58.8
1927,1.927,150,58.8
1930,1.93,150,58.8
1925,1.925,150,58.8
1924,1.924,150,58.8
1923,1.923,150,58.8
1911,1.911,150,58.8
1926,1.926,150,58.8
1923,1.923,150,58.8
1931,1.931,150,58.8
1923,1.923,150,58.8
1933,1.933,150,58.8
1922,1.922,150,58.8
1918,1.918,150,58.8
1927,1.927,150,58.8
1944,1.944,150,58.8
1952,1.952,150,58.8
1935,1.935,150,58.8
1944,1.944,150,58.8
1932,1.932,150,58.8
1987,1.987,150,58.8
1960,1.96,150,58.8
1939,1.939,150,58.8
2033,2.033,150,58.8
2009,2.009,150,58.8
2060,2.06,150,58.8
2007,2.007,150,58.8
1997,1.997,150,58.8
1972,1.972,150,58.8
1967,1.967,150,58.8
1950,1.95,150,58.8
1940,1.94,150,58.8
2065,2.065,150,58.8
2048,2.048,150,58.8
2091,2.091,150,58.8
2064,2.064,150,58.8
2066,2.066,150,58.8
1999,1.999,150,58.8
1974,1.974,150,58.8
1967,1.967,150,58.8
1938,1.938,150,58.8
1964,1.964,150,58.8
1961,1.961,150,58.8
1969,1.969,150,58.8
1946,1.946,150,58.8
1945,1.945,150,58.8
1938,1.938,150,58.8
1928,1.928,150,58.8
1933,1.933,150,58.8
1930,1.93,150,58.8
1948,1.948,150,58.8
1933,1.933,150,58.8
1930,1.93,150,58.8
1936,1.936,150,58.8
1942,1.942,150,58.8
1922,1.922,150,58.8
1948,1.948,150,58.8
1940,1.94,150,58.8
1929,1.929,150,58.8
1917,1.917,150,58.8
1840,1.84,155,60.8
1821,1.821,155,60.8
1843,1.843,155,60.8
1828,1.828,155,60.8
1812,1.812,155,60.8
1808,1.808,155,60.8
1801,1.801,155,60.8
1805,1.805,155,60.8
1815,1.815,155,60.8
1849,1.849,155,60.8
1844,1.844,155,60.8
1857,1.857,155,60.8
1852,1.852,155,60.8
1837,1.837,155,60.8
1831,1.831,155,60.8
1835,1.835,155,60.8
1822,1.822,155,60.8
1819,1.819,155,60.8
1827,1.827,155,60.8
1822,1.822,155,60.8
1816,1.816,155,60.8
1843,1.843,155,60.8
1836,1.836,155,60.8
1849,1.849,155,60.8
1842,1.842,155,60.8
1849,1.849,155,60.8
1853,1.853,155,60.8
1849,1.849,155,60.8
1840,1.84,155,60.8
1838,1.838,155,60.8
1835,1.835,155,60.8
1834,1.834,155,60.8
1812,1.812,155,60.8
1827,1.827,155,60.8
1822,1.822,155,60.8
1822,1.822,155,60.8
1825,1.825,155,60.8
1805,1.805,155,60.8
1825,1.825,155,60.8
1832,1.832,155,60.8
1846,1.846,155,60.8
1840,1.84,155,60.8
1860,1.86,155,60.8
1853,1.853,155,60.8
1836,1.836,155,60.8
1847,1.847,155,60.8
1836,1.836,155,60.8
1829,1.829,155,60.8
1843,1.843,155,60.8
1847,1.847,155,60.8
1842,1.842,155,60.8
1837,1.837,155,60.8
1843,1.843,155,60.8
1836,1.836,155,60.8
1841,1.841,155,60.8
1841,1.841,155,60.8
1833,1.833,155,60.8
1845,1.845,155,60.8
1833,1.833,155,60.8
1836,1.836,155,60.8
1847,1.847,155,60.8
1852,1.852,155,60.8
1836,1.836,155,60.8
1836,1.836,155,60.8
1842,1.842,155,60.8
1826,1.826,155,60.8
1846,1.846,155,60.8
1846,1.846,155,60.8
1839,1.839,155,60.8
1847,1.847,155,60.8
1836,1.836,155,60.8
1828,1.828,155,60.8
1826,1.826,155,60.8
1842,1.842,155,60.8
1839,1.839,155,60.8
1833,1.833,155,60.8
1841,1.841,155,60.8
1833,1.833,155,60.8
1841,1.841,155,60.8
1838,1.838,155,60.8
1832,1.832,155,60.8
1833,1.833,155,60.8
1833,1.833,155,60.8
1827,1.827,155,60.8
1829,1.829,155,60.8
1843,1.843,155,60.8
1834,1.834,155,60.8
1838,1.838,155,60.8
1844,1.844,155,60.8
1842,1.842,155,60.8
1835,1.835,155,60.8
1843,1.843,155,60.8
1824,1.824,155,60.8
1824,1.824,155,60.8
1831,1.831,155,60.8
1835,1.835,155,60.8
1828,1.828,155,60.8
1838,1.838,155,60.8
1835,1.835,155,60.8
1826,1.826,155,60.8
1827,1.827,155,60.8
1821,1.821,155,60.8
1840,1.84,155,60.8
1841,1.841,155,60.8
1854,1.854,155,60.8
1830,1.83,155,60.8
1842,1.842,155,60.8
1837,1.837,155,60.8
1835,1.835,155,60.8
1852,1.852,155,60.8
1830,1.83,155,60.8
1843,1.843,155,60.8
1828,1.828,155,60.8
1824,1.824,155,60.8
1824,1.824,155,60.8
1821,1.821,155,60.8
1833,1.833,155,60.8
1822,1.822,155,60.8
1839,1.839,155,60.8
1835,1.835,155,60.8
1833,1.833,155,60.8
1837,1.837,155,60.8
1829,1.829,155,60.8
1830,1.83,155,60.8
1833,1.833,155,60.8
1833,1.833,155,60.8
1837,1.837,155,60.8
1828,1.828,155,60.8
1840,1.84,155,60.8
1830,1.83,155,60.8
1849,1.849,155,60.8
1846,1.846,155,60.8
1838,1.838,155,60.8
1836,1.836,155,60.8
1830,1.83,155,60.8
1832,1.832,155,60.8
1825,1.825,155,60.8
1832,1.832,155,60.8
1817,1.817,155,60.8
1827,1.827,155,60.8
1832,1.832,155,60.8
1821,1.821,155,60.8
1837,1.837,155,60.8
1824,1.824,155,60.8
1825,1.825,155,60.8
1819,1.819,155,60.8
1812,1.812,155,60.8
1838,1.838,155,60.8
1837,1.837,155,60.8
1842,1.842,155,60.8
1825,1.825,155,60.8
1824,1.824,155,60.8
1829,1.829,155,60.8
1829,1.829,155,60.8
1844,1.844,155,60.8
1836,1.836,155,60.8
1839,1.839,155,60.8
1838,1.838,155,60.8
1839,1.839,155,60.8
1828,1.828,155,60.8
1838,1.838,155,60.8
1842,1.842,155,60.8
1832,1.832,155,60.8
1844,1.844,155,60.8
1845,1.845,155,60.8
1841,1.841,155,60.8
1845,1.845,155,60.8
1830,1.83,155,60.8
1834,1.834,155,60.8
1823,1.823,155,60.8
1836,1.836,155,60.8
1838,1.838,155,60.8
1834,1.834,155,60.8
1844,1.844,155,60.8
1821,1.821,155,60.8
1834,1.834,155,60.8
1835,1.835,155,60.8
1819,1.819,155,60.8
1830,1.83,155,60.8
1819,1.819,155,60.8
1835,1.835,155,60.8
1828,1.828,155,60.8
1832,1.832,155,60.8
1814,1.814,155,60.8
1815,1.815,155,60.8
1812,1.812,155,60.8
1810,1.81,155,60.8
1825,1.825,155,60.8
1818,1.818,155,60.8
1816,1.816,155,60.8
1817,1.817,155,60.8
1807,1.807,155,60.8
1813,1.813,155,60.8
1823,1.823,155,60.8
1813,1.813,155,60.8
1822,1.822,155,60.8
1817,1.817,155,60.8
1820,1.82,155,60.8
1830,1.83,155,60.8
1815,1.815,155,60.8
1825,1.825,155,60.8
1833,1.833,155,60.8
1830,1.83,155,60.8
1830,1.83,155,60.8
1831,1.831,155,60.8
1827,1.827,155,60.8
1813,1.813,155,60.8
1826,1.826,155,60.8
1815,1.815,155,60.8
1825,1.825,155,60.8
1828,1.828,155,60.8
1819,1.819,155,60.8
1833,1.833,155,60.8
1828,1.828,155,60.8
1819,1.819,155,60.8
1827,1.827,155,60.8
1822,1.822,155,60.8
1817,1.817,155,60.8
1823,1.823,155,60.8
1832,1.832,155,60.8
1820,1.82,155,60.8
1828,1.828,155,60.8
1828,1.828,155,60.8
1826,1.826,155,60.8
1834,1.834,155,60.8
1828,1.828,155,60.8
1832,1.832,155,60.8
1825,1.825,155,60.8
1828,1.828,155,60.8
1819,1.819,155,60.8
1820,1.82,155,60.8
1826,1.826,155,60.8
1821,1.821,155,60.8
1817,1.817,155,60.8
1818,1.818,155,60.8
1811,1.811,155,60.8
1816,1.816,155,60.8
1812,1.812,155,60.8
1803,1.803,155,60.8
1816,1.816,155,60.8
1798,1.798,155,60.8
1708,1.708,175,68.6
1651,1.651,175,68.6
1602,1.602,175,68.6
1573,1.573,175,68.6
1571,1.571,175,68.6
1564,1.564,175,68.6
1572,1.572,175,68.6
1563,1.563,175,68.6
1584,1.584,175,68.6
1579,1.579,175,68.6
1582,1.582,175,68.6
1577,1.577,175,68.6
1586,1.586,175,68.6
1586,1.586,175,68.6
1609,1.609,175,68.6
1598,1.598,175,68.6
1590,1.59,175,68.6
1582,1.582,175,68.6
1595,1.595,175,68.6
1597,1.597,175,68.6
1606,1.606,175,68.6
1595,1.595,175,68.6
1593,1.593,175,68.6
1596,1.596,175,68.6
1615,1.615,175,68.6
1610,1.61,175,68.6
1614,1.614,175,68.6
1605,1.605,175,68.6
1617,1.617,175,68.6
1608,1.608,175,68.6
1628,1.628,175,68.6
1617,1.617,175,68.6
1617,1.617,175,68.6
1607,1.607,175,68.6
1611,1.611,175,68.6
1634,1.634,175,68.6
1641,1.641,175,68.6
1634,1.634,175,68.6
1639,1.639,175,68.6
1625,1.625,175,68.6
1627,1.627,175,68.6
1609,1.609,175,68.6
1622,1.622,175,68.6
1611,1.611,175,68.6
1609,1.609,175,68.6
1601,1.601,175,68.6
1589,1.589,175,68.6
1614,1.614,175,68.6
1612,1.612,175,68.6
1610,1.61,175,68.6
1611,1.611,175,68.6
1602,1.602,175,68.6
1599,1.599,175,68.6
1621,1.621,175,68.6
1619,1.619,175,68.6
1607,1.607,175,68.6
1595,1.595,175,68.6
1605,1.605,175,68.6
1599,1.599,175,68.6
1623,1.623,175,68.6
1606,1.606,175,68.6
1599,1.599,175,68.6
1598,1.598,175,68.6
1611,1.611,175,68.6
1608,1.608,175,68.6
1612,1.612,175,68.6
1606,1.606,175,68.6
1603,1.603,175,68.6
1613,1.613,175,68.6
1618,1.618,175,68.6
1620,1.62,175,68.6
1616,1.616,175,68.6
1596,1.596,175,68.6
1616,1.616,175,68.6
1615,1.615,175,68.6
1624,1.624,175,68.6
1609,1.609,175,68.6
1598,1.598,175,68.6
1605,1.605,175,68.6
1611,1.611,175,68.6
1637,1.637,175,68.6
1638,1.638,175,68.6
1626,1.626,175,68.6
1621,1.621,175,68.6
1619,1.619,175,68.6
1612,1.612,175,68.6
1636,1.636,175,68.6
1642,1.642,175,68.6
1635,1.635,175,68.6
1644,1.644,175,68.6
1654,1.654,175,68.6
1660,1.66,175,68.6
1649,1.649,175,68.6
1643,1.643,175,68.6
1654,1.654,175,68.6
1666,1.666,175,68.6
1653,1.653,175,68.6
1668,1.668,175,68.6
1646,1.646,175,68.6
1653,1.653,175,68.6
1649,1.649,175,68.6
1648,1.648,175,68.6
1664,1.664,175,68.6
1672,1.672,175,68.6
1686,1.686,175,68.6
1713,1.713,175,68.6
1711,1.711,175,68.6
1684,1.684,175,68.6
1696,1.696,175,68.6
1731,1.731,175,68.6
1723,1.723,175,68.6
1713,1.713,175,68.6
1703,1.703,175,68.6
1690,1.69,175,68.6
1704,1.704,175,68.6
1697,1.697,175,68.6
1677,1.677,175,68.6
1692,1.692,175,68.6
1731,1.731,175,68.6
1721,1.721,175,68.6
1710,1.71,175,68.6
1750,1.75,175,68.6
1702,1.702,175,68.6
1712,1.712,175,68.6
1689,1.689,175,68.6
1690,1.69,175,68.6
1668,1.668,175,68.6
1692,1.692,175,68.6
1669,1.669,175,68.6
1683,1.683,175,68.6
1680,1.68,175,68.6
1644,1.644,175,68.6
1670,1.67,175,68.6
1663,1.663,175,68.6
1660,1.66,175,68.6
1659,1.659,175,68.6
1663,1.663,175,68.6
1642,1.642,175,68.6
1644,1.644,175,68.6
1633,1.633,175,68.6
1619,1.619,175,68.6
1618,1.618,175,68.6
1628,1.628,175,68.6
1622,1.622,175,68.6
1629,1.629,175,68.6
1609,1.609,175,68.6
1612,1.612,175,68.6
1623,1.623,175,68.6
1615,1.615,175,68.6
1596,1.596,175,68.6
1615,1.615,175,68.6
1603,1.603,175,68.6
1605,1.605,175,68.6
1637,1.637,175,68.6
1647,1.647,175,68.6
1643,1.643,175,68.6
1663,1.663,175,68.6
1651,1.651,175,68.6
1641,1.641,175,68.6
1673,1.673,175,68.6
1666,1.666,175,68.6
1622,1.622,175,68.6
1655,1.655,175,68.6
1647,1.647,175,68.6
1647,1.647,175,68.6
1644,1.644,175,68.6
1619,1.619,175,68.6
1619,1.619,175,68.6
1622,1.622,175,68.6
1641,1.641,175,68.6
1653,1.653,175,68.6
1654,1.654,175,68.6
1657,1.657,175,68.6
1673,1.673,175,68.6
1671,1.671,175,68.6
1674,1.674,175,68.6
1661,1.661,175,68.6
1663,1.663,175,68.6
1664,1.664,175,68.6
1659,1.659,175,68.6
1662,1.662,175,68.6
1680,1.68,175,68.6
1656,1.656,175,68.6
1662,1.662,175,68.6
1673,1.673,175,68.6
1659,1.659,175,68.6
1655,1.655,175,68.6
1674,1.674,175,68.6
1672,1.672,175,68.6
1653,1.653,175,68.6
1665,1.665,175,68.6
1674,1.674,175,68.6
1698,1.698,175,68.6
1689,1.689,175,68.6
1682,1.682,175,68.6
1703,1.703,175,68.6
1656,1.656,175,68.6
1672,1.672,175,68.6
1674,1.674,175,68.6
1678,1.678,175,68.6
1672,1.672,175,68.6
1693,1.693,175,68.6
1679,1.679,175,68.6
1681,1.681,175,68.6
1700,1.7,175,68.6
1673,1.673,175,68.6
1695,1.695,175,68.6
1685,1.685,175,68.6
1691,1.691,175,68.6
1692,1.692,175,68.6
1702,1.702,175,68.6
1677,1.677,175,68.6
1687,1.687,175,68.6
1677,1.677,175,68.6
1668,1.668,175,68.6
1688,1.688,175,68.6
1687,1.687,175,68.6
1688,1.688,175,68.6
1692,1.692,175,68.6
1700,1.7,175,68.6
1682,1.682,175,68.6
1689,1.689,175,68.6
1692,1.692,175,68.6
1697,1.697,175,68.6
1710,1.71,175,68.6
1681,1.681,175,68.6
1689,1.689,175,68.6
1708,1.708,175,68.6
1681,1.681,175,68.6
1684,1.684,175,68.6
1695,1.695,175,68.6
1690,1.69,175,68.6
1687,1.687,175,68.6
1704,1.704,175,68.6
1674,1.674,175,68.6
1693,1.693,175,68.6
1692,1.692,175,68.6
1686,1.686,175,68.6
1695,1.695,175,68.6
1712,1.712,175,68.6
1694,1.694,175,68.6
1670,1.67,175,68.6
1565,1.565,180,70.6
1573,1.573,180,70.6
1573,1.573,180,70.6
1569,1.569,180,70.6
1560,1.56,180,70.6
1577,1.577,180,70.6
1556,1.556,180,70.6
1573,1.573,180,70.6
1571,1.571,180,70.6
1572,1.572,180,70.6
1574,1.574,180,70.6
1601,1.601,180,70.6
1581,1.581,180,70.6
1586,1.586,180,70.6
1582,1.582,180,70.6
1565,1.565,180,70.6
1575,1.575,180,70.6
1569,1.569,180,70.6
1577,1.577,180,70.6
1575,1.575,180,70.6
1578,1.578,180,70.6
1567,1.567,180,70.6
1578,1.578,180,70.6
1582,1.582,180,70.6
1587,1.587,180,70.6
1581,1.581,180,70.6
1574,1.574,180,70.6
1575,1.575,180,70.6
1578,1.578,180,70.6
1577,1.577,180,70.6
1575,1.575,180,70.6
1573,1.573,180,70.6
1567,1.567,180,70.6
1568,1.568,180,70.6
1574,1.574,180,70.6
1562,1.562,180,70.6
1581,1.581,180,70.6
1568,1.568,180,70.6
1569,1.569,180,70.6
1571,1.571,180,70.6
1570,1.57,180,70.6
1594,1.594,180,70.6
1572,1.572,180,70.6
1572,1.572,180,70.6
1563,1.563,180,70.6
1550,1.55,180,70.6
1573,1.573,180,70.6
1579,1.579,180,70.6
1581,1.581,180,70.6
1583,1.583,180,70.6
1575,1.575,180,70.6
1569,1.569,180,70.6
1581,1.581,180,70.6
1595,1.595,180,70.6
1584,1.584,180,70.6
1594,1.594,180,70.6
1591,1.591,180,70.6
1582,1.582,180,70.6
1583,1.583,180,70.6
1609,1.609,180,70.6
1589,1.589,180,70.6
1606,1.606,180,70.6
1611,1.611,180,70.6
1592,1.592,180,70.6
1588,1.588,180,70.6
1591,1.591,180,70.6
1611,1.611,180,70.6
1609,1.609,180,70.6
1597,1.597,180,70.6
1585,1.585,180,70.6
1587,1.587,180,70.6
1596,1.596,180,70.6
1584,1.584,180,70.6
1595,1.595,180,70.6
1599,1.599,180,70.6
1595,1.595,180,70.6
1585,1.585,180,70.6
1607,1.607,180,70.6
1608,1.608,180,70.6
1614,1.614,180,70.6
1622,1.622,180,70.6
1605,1.605,180,70.6
1591,1.591,180,70.6
1586,1.586,180,70.6
1592,1.592,180,70.6
1604,1.604,180,70.6
1608,1.608,180,70.6
1596,1.596,180,70.6
1582,1.582,180,70.6
1584,1.584,180,70.6
1596,1.596,180,70.6
1585,1.585,180,70.6
1603,1.603,180,70.6
1609,1.609,180,70.6
1596,1.596,180,70.6
1596,1.596,180,70.6
1613,1.613,180,70.6
1590,1.59,180,70.6
1614,1.614,180,70.6
1608,1.608,180,70.6
1597,1.597,180,70.6
1599,1.599,180,70.6
1597,1.597,180,70.6
1582,1.582,180,70.6
1607,1.607,180,70.6
1580,1.58,180,70.6
1602,1.602,180,70.6
1597,1.597,180,70.6
1587,1.587,180,70.6
1600,1.6,180,70.6
1584,1.584,180,70.6
1605,1.605,180,70.6
1605,1.605,180,70.6
1608,1.608,180,70.6
1601,1.601,180,70.6
1600,1.6,180,70.6
1592,1.592,180,70.6
1605,1.605,180,70.6
1612,1.612,180,70.6
1605,1.605,180,70.6
1594,1.594,180,70.6
1603,1.603,180,70.6
1594,1.594,180,70.6
1598,1.598,180,70.6
1597,1.597,180,70.6
1602,1.602,180,70.6
1591,1.591,180,70.6
1582,1.582,180,70.6
1592,1.592,180,70.6
1581,1.581,180,70.6
1611,1.611,180,70.6
1603,1.603,180,70.6
1606,1.606,180,70.6
1612,1.612,180,70.6
1609,1.609,180,70.6
1601,1.601,180,70.6
1610,1.61,180,70.6
1607,1.607,180,70.6
1615,1.615,180,70.6
1614,1.614,180,70.6
1603,1.603,180,70.6
1593,1.593,180,70.6
1597,1.597,180,70.6
1599,1.599,180,70.6
1622,1.622,180,70.6
1611,1.611,180,70.6
1610,1.61,180,70.6
1605,1.605,180,70.6
1602,1.602,180,70.6
1598,1.598,180,70.6
1598,1.598,180,70.6
1612,1.612,180,70.6
1601,1.601,180,70.6
1604,1.604,180,70.6
1598,1.598,180,70.6
1590,1.59,180,70.6
1589,1.589,180,70.6
1612,1.612,180,70.6
1589,1.589,180,70.6
1600,1.6,180,70.6
1602,1.602,180,70.6
1584,1.584,180,70.6
1592,1.592,180,70.6
1616,1.616,180,70.6
1597,1.597,180,70.6
1617,1.617,180,70.6
1605,1.605,180,70.6
1586,1.586,180,70.6
1583,1.583,180,70.6
1587,1.587,180,70.6
1609,1.609,180,70.6
1590,1.59,180,70.6
1606,1.606,180,70.6
1607,1.607,180,70.6
1601,1.601,180,70.6
1607,1.607,180,70.6
1626,1.626,180,70.6
1606,1.606,180,70.6
1615,1.615,180,70.6
1610,1.61,180,70.6
1600,1.6,180,70.6
1590,1.59,180,70.6
1616,1.616,180,70.6
1602,1.602,180,70.6
1614,1.614,180,70.6
1610,1.61,180,70.6
1606,1.606,180,70.6
1601,1.601,180,70.6
1609,1.609,180,70.6
1602,1.602,180,70.6
1618,1.618,180,70.6
1616,1.616,180,70.6
1619,1.619,180,70.6
1603,1.603,180,70.6
1602,1.602,180,70.6
1589,1.589,180,70.6
1582,1.582,180,70.6
1610,1.61,180,70.6
1613,1.613,180,70.6
1602,1.602,180,70.6
1597,1.597,180,70.6
1599,1.599,180,70.6
1587,1.587,180,70.6
1609,1.609,180,70.6
1608,1.608,180,70.6
1603,1.603,180,70.6
1606,1.606,180,70.6
1601,1.601,180,70.6
1589,1.589,180,70.6
1611,1.611,180,70.6
1607,1.607,180,70.6
1613,1.613,180,70.6
1610,1.61,180,70.6
1612,1.612,180,70.6
1596,1.596,180,70.6
1621,1.621,180,70.6
1612,1.612,180,70.6
1623,1.623,180,70.6
1610,1.61,180,70.6
1611,1.611,180,70.6
1604,1.604,180,70.6
1600,1.6,180,70.6
1611,1.611,180,70.6
1617,1.617,180,70.6
1621,1.621,180,70.6
1609,1.609,180,70.6
1617,1.617,180,70.6
1608,1.608,180,70.6
1604,1.604,180,70.6
1609,1.609,180,70.6
1623,1.623,180,70.6
1605,1.605,180,70.6
1622,1.622,180,70.6
1617,1.617,180,70.6
1599,1.599,180,70.6
1599,1.599,180,70.6
1627,1.627,180,70.6
1603,1.603,180,70.6
1625,1.625,180,70.6
1446,1.446,200,78.4
1437,1.437,200,78.4
1422,1.422,200,78.4
1429,1.429,200,78.4
1407,1.407,200,78.4
1448,1.448,200,78.4
1441,1.441,200,78.4
1427,1.427,200,78.4
1437,1.437,200,78.4
1431,1.431,200,78.4
1433,1.433,200,78.4
1421,1.421,200,78.4
1397,1.397,200,78.4
1405,1.405,200,78.4
1414,1.414,200,78.4
1415,1.415,200,78.4
1431,1.431,200,78.4
1433,1.433,200,78.4
1416,1.416,200,78.4
1419,1.419,200,78.4
1415,1.415,200,78.4
1442,1.442,200,78.4
1429,1.429,200,78.4
1417,1.417,200,78.4
1422,1.422,200,78.4
1418,1.418,200,78.4
1438,1.438,200,78.4
1438,1.438,200,78.4
1415,1.415,200,78.4
1419,1.419,200,78.4
1429,1.429,200,78.4
1430,1.43,200,78.4
1439,1.439,200,78.4
1437,1.437,200,78.4
1425,1.425,200,78.4
1427,1.427,200,78.4
1409,1.409,200,78.4
1410,1.41,200,78.4
1401,1.401,200,78.4
1406,1.406,200,78.4
1424,1.424,200,78.4
1422,1.422,200,78.4
1418,1.418,200,78.4
1408,1.408,200,78.4
1391,1.391,200,78.4
1401,1.401,200,78.4
1404,1.404,200,78.4
1407,1.407,200,78.4
1406,1.406,200,78.4
1411,1.411,200,78.4
1422,1.422,200,78.4
1411,1.411,200,78.4
1413,1.413,200,78.4
1404,1.404,200,78.4
1407,1.407,200,78.4
1445,1.445,200,78.4
1425,1.425,200,78.4
1417,1.417,200,78.4
1429,1.429,200,78.4
1436,1.436,200,78.4
1419,1.419,200,78.4
1406,1.406,200,78.4
1408,1.408,200,78.4
1409,1.409,200,78.4
1419,1.419,200,78.4
1410,1.41,200,78.4
1403,1.403,200,78.4
1407,1.407,200,78.4
1410,1.41,200,78.4
1403,1.403,200,78.4
1395,1.395,200,78.4
1395,1.395,200,78.4
1403,1.403,200,78.4
1410,1.41,200,78.4
1403,1.403,200,78.4
1404,1.404,200,78.4
1416,1.416,200,78.4
1416,1.416,200,78.4
1411,1.411,200,78.4
1396,1.396,200,78.4
1402,1.402,200,78.4
1399,1.399,200,78.4
1400,1.4,200,78.4
1397,1.397,200,78.4
1396,1.396,200,78.4
1403,1.403,200,78.4
1395,1.395,200,78.4
1394,1.394,200,78.4
1386,1.386,200,78.4
1380,1.38,200,78.4
1377,1.377,200,78.4
1386,1.386,200,78.4
1395,1.395,200,78.4
1399,1.399,200,78.4
1392,1.392,200,78.4
1386,1.386,200,78.4
1394,1.394,200,78.4
1390,1.39,200,78.4
1383,1.383,200,78.4
1389,1.389,200,78.4
1399,1.399,200,78.4
1395,1.395,200,78.4
1387,1.387,200,78.4
1388,1.388,200,78.4
1396,1.396,200,78.4
1390,1.39,200,78.4
1391,1.391,200,78.4
1395,1.395,200,78.4
1394,1.394,200,78.4
1387,1.387,200,78.4
1386,1.386,200,78.4
1387,1.387,200,78.4
1392,1.392,200,78.4
1387,1.387,200,78.4
1381,1.381,200,78.4
1381,1.381,200,78.4
1386,1.386,200,78.4
1398,1.398,200,78.4
1390,1.39,200,78.4
1391,1.391,200,78.4
1391,1.391,200,78.4
1398,1.398,200,78.4
1389,1.389,200,78.4
1376,1.376,200,78.4
1394,1.394,200,78.4
1389,1.389,200,78.4
1382,1.382,200,78.4
1386,1.386,200,78.4
1392,1.392,200,78.4
1403,1.403,200,78.4
1398,1.398,200,78.4
1393,1.393,200,78.4
1401,1.401,200,78.4
1425,1.425,200,78.4
1435,1.435,200,78.4
1407,1.407,200,78.4
1397,1.397,200,78.4
1392,1.392,200,78.4
1403,1.403,200,78.4
1403,1.403,200,78.4
1395,1.395,200,78.4
1374,1.374,200,78.4
1371,1.371,200,78.4
1358,1.358,200,78.4
1358,1.358,200,78.4
1362,1.362,200,78.4
1365,1.365,200,78.4
1358,1.358,200,78.4
1362,1.362,200,78.4
1363,1.363,200,78.4
1370,1.37,200,78.4
1384,1.384,200,78.4
1394,1.394,200,78.4
1384,1.384,200,78.4
1377,1.377,200,78.4
1376,1.376,200,78.4
1379,1.379,200,78.4
1395,1.395,200,78.4
1394,1.394,200,78.4
1388,1.388,200,78.4
1393,1.393,200,78.4
1394,1.394,200,78.4
1395,1.395,200,78.4
1393,1.393,200,78.4
1394,1.394,200,78.4
1394,1.394,200,78.4
1398,1.398,200,78.4
1396,1.396,200,78.4
1394,1.394,200,78.4
1394,1.394,200,78.4
1388,1.388,200,78.4
1396,1.396,200,78.4
1399,1.399,200,78.4
1398,1.398,200,78.4
1398,1.398,200,78.4
1406,1.406,200,78.4
1407,1.407,200,78.4
1393,1.393,200,78.4
1387,1.387,200,78.4
1380,1.38,200,78.4
1385,1.385,200,78.4
1382,1.382,200,78.4
1363,1.363,200,78.4
1369,1.369,200,78.4
1371,1.371,200,78.4
1363,1.363,200,78.4
1366,1.366,200,78.4
1358,1.358,200,78.4
1367,1.367,200,78.4
1381,1.381,200,78.4
1374,1.374,200,78.4
1368,1.368,200,78.4
1378,1.378,200,78.4
1383,1.383,200,78.4
1379,1.379,200,78.4
1368,1.368,200,78.4
1375,1.375,200,78.4
1376,1.376,200,78.4
1383,1.383,200,78.4
1382,1.382,200,78.4
1378,1.378,200,78.4
1376,1.376,200,78.4
1381,1.381,200,78.4
1374,1.374,200,78.4
1374,1.374,200,78.4
1376,1.376,200,78.4
1385,1.385,200,78.4
1378,1.378,200,78.4
1376,1.376,200,78.4
1384,1.384,200,78.4
1400,1.4,200,78.4
1411,1.411,200,78.4
1383,1.383,200,78.4
1388,1.388,200,78.4
1378,1.378,200,78.4
1382,1.382,200,78.4
1370,1.37,200,78.4
1373,1.373,200,78.4
1376,1.376,200,78.4
1386,1.386,200,78.4
1371,1.371,200,78.4
1373,1.373,200,78.4
1378,1.378,200,78.4
1381,1.381,200,78.4
1374,1.374,200,78.4
1372,1.372,200,78.4
1373,1.373,200,78.4
1374,1.374,200,78.4
1383,1.383,200,78.4
1374,1.374,200,78.4
1373,1.373,200,78.4
1383,1.383,200,78.4
1395,1.395,200,78.4
1381,1.381,200,78.4
1382,1.382,200,78.4
1384,1.384,200,78.4
1339,1.339,205,80.4
1354,1.354,205,80.4
1355,1.355,205,80.4
1340,1.34,205,80.4
1339,1.339,205,80.4
1351,1.351,205,80.4
1358,1.358,205,80.4
1358,1.358,205,80.4
1349,1.349,205,80.4
1357,1.357,205,80.4
1365,1.365,205,80.4
1364,1.364,205,80.4
1364,1.364,205,80.4
1354,1.354,205,80.4
1356,1.356,205,80.4
1366,1.366,205,80.4
1361,1.361,205,80.4
1359,1.359,205,80.4
1357,1.357,205,80.4
1360,1.36,205,80.4
1369,1.369,205,80.4
1367,1.367,205,80.4
1352,1.352,205,80.4
1354,1.354,205,80.4
1355,1.355,205,80.4
1359,1.359,205,80.4
1347,1.347,205,80.4
1331,1.331,205,80.4
1334,1.334,205,80.4
1335,1.335,205,80.4
1344,1.344,205,80.4
1354,1.354,205,80.4
1358,1.358,205,80.4
1353,1.353,205,80.4
1356,1.356,205,80.4
1352,1.352,205,80.4
1347,1.347,205,80.4
1348,1.348,205,80.4
1342,1.342,205,80.4
1337,1.337,205,80.4
1341,1.341,205,80.4
1343,1.343,205,80.4
1349,1.349,205,80.4
1348,1.348,205,80.4
1350,1.35,205,80.4
1349,1.349,205,80.4
1347,1.347,205,80.4
1346,1.346,205,80.4
1347,1.347,205,80.4
1344,1.344,205,80.4
1336,1.336,205,80.4
1339,1.339,205,80.4
1345,1.345,205,80.4
1344,1.344,205,80.4
1349,1.349,205,80.4
1344,1.344,205,80.4
1345,1.345,205,80.4
1352,1.352,205,80.4
1355,1.355,205,80.4
1348,1.348,205,80.4
1351,1.351,205,80.4
1341,1.341,205,80.4
1339,1.339,205,80.4
1360,1.36,205,80.4
1343,1.343,205,80.4
1347,1.347,205,80.4
1343,1.343,205,80.4
1349,1.349,205,80.4
1351,1.351,205,80.4
1345,1.345,205,80.4
1348,1.348,205,80.4
1352,1.352,205,80.4
1363,1.363,205,80.4
1370,1.37,205,80.4
1356,1.356,205,80.4
1352,1.352,205,80.4
1349,1.349,205,80.4
1360,1.36,205,80.4
1360,1.36,205,80.4
1351,1.351,205,80.4
1356,1.356,205,80.4
1353,1.353,205,80.4
1359,1.359,205,80.4
1354,1.354,205,80.4
1340,1.34,205,80.4
1336,1.336,205,80.4
1343,1.343,205,80.4
1353,1.353,205,80.4
1352,1.352,205,80.4
1344,1.344,205,80.4
1354,1.354,205,80.4
1348,1.348,205,80.4
1359,1.359,205,80.4
1354,1.354,205,80.4
1363,1.363,205,80.4
1357,1.357,205,80.4
1364,1.364,205,80.4
1370,1.37,205,80.4
1363,1.363,205,80.4
1357,1.357,205,80.4
1361,1.361,205,80.4
1362,1.362,205,80.4
1367,1.367,205,80.4
1361,1.361,205,80.4
1354,1.354,205,80.4
1356,1.356,205,80.4
1370,1.37,205,80.4
1359,1.359,205,80.4
1358,1.358,205,80.4
1350,1.35,205,80.4
1353,1.353,205,80.4
1363,1.363,205,80.4
1358,1.358,205,80.4
1352,1.352,205,80.4
1352,1.352,205,80.4
1360,1.36,205,80.4
1356,1.356,205,80.4
1348,1.348,205,80.4
1343,1.343,205,80.4
1345,1.345,205,80.4
1346,1.346,205,80.4
1344,1.344,205,80.4
1351,1.351,205,80.4
1346,1.346,205,80.4
1343,1.343,205,80.4
1351,1.351,205,80.4
1345,1.345,205,80.4
1351,1.351,205,80.4
1367,1.367,205,80.4
1354,1.354,205,80.4
1357,1.357,205,80.4
1356,1.356,205,80.4
1349,1.349,205,80.4
1350,1.35,205,80.4
1349,1.349,205,80.4
1359,1.359,205,80.4
1353,1.353,205,80.4
1356,1.356,205,80.4
1356,1.356,205,80.4
1355,1.355,205,80.4
1351,1.351,205,80.4
1349,1.349,205,80.4
1345,1.345,205,80.4
1347,1.347,205,80.4
1350,1.35,205,80.4
1345,1.345,205,80.4
1339,1.339,205,80.4
1340,1.34,205,80.4
1340,1.34,205,80.4
1333,1.333,205,80.4
1336,1.336,205,80.4
1337,1.337,205,80.4
1336,1.336,205,80.4
1337,1.337,205,80.4
1336,1.336,205,80.4
1338,1.338,205,80.4
1336,1.336,205,80.4
1345,1.345,205,80.4
1348,1.348,205,80.4
1353,1.353,205,80.4
1349,1.349,205,80.4
1345,1.345,205,80.4
1351,1.351,205,80.4
1354,1.354,205,80.4
1346,1.346,205,80.4
1340,1.34,205,80.4
1341,1.341,205,80.4
1348,1.348,205,80.4
1351,1.351,205,80.4
1352,1.352,205,80.4
1333,1.333,205,80.4
1342,1.342,205,80.4
1346,1.346,205,80.4
1351,1.351,205,80.4
1350,1.35,205,80.4
1337,1.337,205,80.4
1342,1.342,205,80.4
1342,1.342,205,80.4
1344,1.344,205,80.4
1349,1.349,205,80.4
1339,1.339,205,80.4
1346,1.346,205,80.4
1341,1.341,205,80.4
1348,1.348,205,80.4
1344,1.344,205,80.4
1333,1.333,205,80.4
1332,1.332,205,80.4
1339,1.339,205,80.4
1342,1.342,205,80.4
1346,1.346,205,80.4
1346,1.346,205,80.4
1345,1.345,205,80.4
1350,1.35,205,80.4
1349,1.349,205,80.4
1343,1.343,205,80.4
1341,1.341,205,80.4
1340,1.34,205,80.4
1344,1.344,205,80.4
1347,1.347,205,80.4
1347,1.347,205,80.4
1351,1.351,205,80.4
1345,1.345,205,80.4
1342,1.342,205,80.4
1350,1.35,205,80.4
1349,1.349,205,80.4
1349,1.349,205,80.4
1353,1.353,205,80.4
1347,1.347,205,80.4
1349,1.349,205,80.4
1348,1.348,205,80.4
1349,1.349,205,80.4
1346,1.346,205,80.4
1346,1.346,205,80.4
1339,1.339,205,80.4
1348,1.348,205,80.4
1350,1.35,205,80.4
1349,1.349,205,80.4
1345,1.345,205,80.4
1348,1.348,205,80.4
1347,1.347,205,80.4
1351,1.351,205,80.4
1353,1.353,205,80.4
1343,1.343,205,80.4
1347,1.347,205,80.4
1349,1.349,205,80.4
1354,1.354,205,80.4
1357,1.357,205,80.4
1350,1.35,205,80.4
1354,1.354,205,80.4
1351,1.351,205,80.4
1365,1.365,205,80.4
1252,1.252,225,88.2
1241,1.241,225,88.2
1222,1.222,225,88.2
1217,1.217,225,88.2
1222,1.222,225,88.2
1226,1.226,225,88.2
1226,1.226,225,88.2
1225,1.225,225,88.2
1220,1.22,225,88.2
1218,1.218,225,88.2
1214,1.214,225,88.2
1217,1.217,225,88.2
1219,1.219,225,88.2
1229,1.229,225,88.2
1224,1.224,225,88.2
1226,1.226,225,88.2
1225,1.225,225,88.2
1227,1.227,225,88.2
1226,1.226,225,88.2
1223,1.223,225,88.2
1231,1.231,225,88.2
1227,1.227,225,88.2
1235,1.235,225,88.2
1229,1.229,225,88.2
1230,1.23,225,88.2
1227,1.227,225,88.2
1226,1.226,225,88.2
1227,1.227,225,88.2
1226,1.226,225,88.2
1224,1.224,225,88.2
1230,1.23,225,88.2
1228,1.228,225,88.2
1229,1.229,225,88.2
1228,1.228,225,88.2
1228,1.228,225,88.2
1226,1.226,225,88.2
1229,1.229,225,88.2
1237,1.237,225,88.2
1235,1.235,225,88.2
1231,1.231,225,88.2
1234,1.234,225,88.2
1244,1.244,225,88.2
1242,1.242,225,88.2
1235,1.235,225,88.2
1233,1.233,225,88.2
1237,1.237,225,88.2
1252,1.252,225,88.2
1245,1.245,225,88.2
1236,1.236,225,88.2
1240,1.24,225,88.2
1231,1.231,225,88.2
1236,1.236,225,88.2
1229,1.229,225,88.2
1231,1.231,225,88.2
1221,1.221,225,88.2
1228,1.228,225,88.2
1223,1.223,225,88.2
1221,1.221,225,88.2
1224,1.224,225,88.2
1226,1.226,225,88.2
1224,1.224,225,88.2
1229,1.229,225,88.2
1228,1.228,225,88.2
1223,1.223,225,88.2
1227,1.227,225,88.2
1225,1.225,225,88.2
1221,1.221,225,88.2
1230,1.23,225,88.2
1228,1.228,225,88.2
1244,1.244,225,88.2
1243,1.243,225,88.2
1243,1.243,225,88.2
1237,1.237,225,88.2
1233,1.233,225,88.2
1226,1.226,225,88.2
1229,1.229,225,88.2
1229,1.229,225,88.2
1236,1.236,225,88.2
1235,1.235,225,88.2
1243,1.243,225,88.2
1238,1.238,225,88.2
1239,1.239,225,88.2
1233,1.233,225,88.2
1236,1.236,225,88.2
1237,1.237,225,88.2
1238,1.238,225,88.2
1243,1.243,225,88.2
1245,1.245,225,88.2
1244,1.244,225,88.2
1237,1.237,225,88.2
1241,1.241,225,88.2
1242,1.242,225,88.2
1247,1.247,225,88.2
1249,1.249,225,88.2
1241,1.241,225,88.2
1242,1.242,225,88.2
1239,1.239,225,88.2
1235,1.235,225,88.2
1234,1.234,225,88.2
1237,1.237,225,88.2
1233,1.233,225,88.2
1236,1.236,225,88.2
1231,1.231,225,88.2
1236,1.236,225,88.2
1226,1.226,225,88.2
1236,1.236,225,88.2
1228,1.228,225,88.2
1227,1.227,225,88.2
1230,1.23,225,88.2
1230,1.23,225,88.2
1236,1.236,225,88.2
1234,1.234,225,88.2
1231,1.231,225,88.2
1235,1.235,225,88.2
1234,1.234,225,88.2
1235,1.235,225,88.2
1233,1.233,225,88.2
1227,1.227,225,88.2
1237,1.237,225,88.2
1234,1.234,225,88.2
1236,1.236,225,88.2
1236,1.236,225,88.2
1235,1.235,225,88.2
1240,1.24,225,88.2
1242,1.242,225,88.2
1242,1.242,225,88.2
1236,1.236,225,88.2
1236,1.236,225,88.2
1232,1.232,225,88.2
1230,1.23,225,88.2
1228,1.228,225,88.2
1229,1.229,225,88.2
1227,1.227,225,88.2
1225,1.225,225,88.2
1229,1.229,225,88.2
1224,1.224,225,88.2
1222,1.222,225,88.2
1219,1.219,225,88.2
1226,1.226,225,88.2
1225,1.225,225,88.2
1222,1.222,225,88.2
1224,1.224,225,88.2
1221,1.221,225,88.2
1224,1.224,225,88.2
1219,1.219,225,88.2
1220,1.22,225,88.2
1225,1.225,225,88.2
1223,1.223,225,88.2
1251,1.251,225,88.2
1238,1.238,225,88.2
1221,1.221,225,88.2
1218,1.218,225,88.2
1218,1.218,225,88.2
1230,1.23,225,88.2
1235,1.235,225,88.2
1239,1.239,225,88.2
1241,1.241,225,88.2
1251,1.251,225,88.2
1243,1.243,225,88.2
1244,1.244,225,88.2
1250,1.25,225,88.2
1249,1.249,225,88.2
1252,1.252,225,88.2
1247,1.247,225,88.2
1238,1.238,225,88.2
1236,1.236,225,88.2
1237,1.237,225,88.2
1242,1.242,225,88.2
1247,1.247,225,88.2
1254,1.254,225,88.2
1242,1.242,225,88.2
1237,1.237,225,88.2
1229,1.229,225,88.2
1235,1.235,225,88.2
1233,1.233,225,88.2
1239,1.239,225,88.2
1242,1.242,225,88.2
1248,1.248,225,88.2
1243,1.243,225,88.2
1244,1.244,225,88.2
1233,1.233,225,88.2
1231,1.231,225,88.2
1230,1.23,225,88.2
1232,1.232,225,88.2
1243,1.243,225,88.2
1241,1.241,225,88.2
1235,1.235,225,88.2
1230,1.23,225,88.2
1230,1.23,225,88.2
1233,1.233,225,88.2
1234,1.234,225,88.2
1241,1.241,225,88.2
1233,1.233,225,88.2
1237,1.237,225,88.2
1227,1.227,225,88.2
1222,1.222,225,88.2
1224,1.224,225,88.2
1226,1.226,225,88.2
1232,1.232,225,88.2
1236,1.236,225,88.2
1237,1.237,225,88.2
1237,1.237,225,88.2
1233,1.233,225,88.2
1234,1.234,225,88.2
1232,1.232,225,88.2
1235,1.235,225,88.2
1237,1.237,225,88.2
1233,1.233,225,88.2
1225,1.225,225,88.2
1221,1.221,225,88.2
1223,1.223,225,88.2
1228,1.228,225,88.2
1234,1.234,225,88.2
1240,1.24,225,88.2
1244,1.244,225,88.2
1229,1.229,225,88.2
1218,1.218,225,88.2
1224,1.224,225,88.2
1222,1.222,225,88.2
1223,1.223,225,88.2
1220,1.22,225,88.2
1221,1.221,225,88.2
1221,1.221,225,88.2
1218,1.218,225,88.2
1209,1.209,225,88.2
1208,1.208,225,88.2
1217,1.217,225,88.2
1214,1.214,225,88.2
1213,1.213,225,88.2
1213,1.213,225,88.2
1213,1.213,225,88.2
1215,1.215,225,88.2
1213,1.213,225,88.2
1208,1.208,225,88.2
1220,1.22,225,88.2
1221,1.221,225,88.2
1225,1.225,225,88.2
1221,1.221,225,88.2
1216,1.216,225,88.2
1218,1.218,225,88.2
1219,1.219,225,88.2
1187,1.187,230,90.2
1196,1.196,230,90.2
1200,1.2,230,90.2
1201,1.201,230,90.2
1202,1.202,230,90.2
1201,1.201,230,90.2
1205,1.205,230,90.2
1207,1.207,230,90.2
1207,1.207,230,90.2
1206,1.206,230,90.2
1204,1.204,230,90.2
1210,1.21,230,90.2
1207,1.207,230,90.2
1207,1.207,230,90.2
1205,1.205,230,90.2
1208,1.208,230,90.2
1204,1.204,230,90.2
1203,1.203,230,90.2
1203,1.203,230,90.2
1197,1.197,230,90.2
1196,1.196,230,90.2
1193,1.193,230,90.2
1206,1.206,230,90.2
1198,1.198,230,90.2
1196,1.196,230,90.2
1196,1.196,230,90.2
1195,1.195,230,90.2
1199,1.199,230,90.2
1191,1.191,230,90.2
1194,1.194,230,90.2
1196,1.196,230,90.2
1193,1.193,230,90.2
1198,1.198,230,90.2
1196,1.196,230,90.2
1197,1.197,230,90.2
1201,1.201,230,90.2
1201,1.201,230,90.2
1203,1.203,230,90.2
1204,1.204,230,90.2
1199,1.199,230,90.2
1193,1.193,230,90.2
1200,1.2,230,90.2
1198,1.198,230,90.2
1202,1.202,230,90.2
1200,1.2,230,90.2
1207,1.207,230,90.2
1208,1.208,230,90.2
1203,1.203,230,90.2
1201,1.201,230,90.2
1200,1.2,230,90.2
1197,1.197,230,90.2
1196,1.196,230,90.2
1196,1.196,230,90.2
1188,1.188,230,90.2
1198,1.198,230,90.2
1192,1.192,230,90.2
1193,1.193,230,90.2
1195,1.195,230,90.2
1191,1.191,230,90.2
1196,1.196,230,90.2
1201,1.201,230,90.2
1195,1.195,230,90.2
1194,1.194,230,90.2
1195,1.195,230,90.2
1190,1.19,230,90.2
1195,1.195,230,90.2
1200,1.2,230,90.2
1203,1.203,230,90.2
1209,1.209,230,90.2
1206,1.206,230,90.2
1203,1.203,230,90.2
1205,1.205,230,90.2
1204,1.204,230,90.2
1205,1.205,230,90.2
1206,1.206,230,90.2
1206,1.206,230,90.2
1202,1.202,230,90.2
1205,1.205,230,90.2
1203,1.203,230,90.2
1203,1.203,230,90.2
1201,1.201,230,90.2
1201,1.201,230,90.2
1200,1.2,230,90.2
1206,1.206,230,90.2
1203,1.203,230,90.2
1201,1.201,230,90.2
1197,1.197,230,90.2
1200,1.2,230,90.2
1200,1.2,230,90.2
1201,1.201,230,90.2
1197,1.197,230,90.2
1201,1.201,230,90.2
1195,1.195,230,90.2
1203,1.203,230,90.2
1201,1.201,230,90.2
1200,1.2,230,90.2
1200,1.2,230,90.2
1208,1.208,230,90.2
1210,1.21,230,90.2
1207,1.207,230,90.2
1210,1.21,230,90.2
1203,1.203,230,90.2
1202,1.202,230,90.2
1203,1.203,230,90.2
1205,1.205,230,90.2
1203,1.203,230,90.2
1204,1.204,230,90.2
1202,1.202,230,90.2
1203,1.203,230,90.2
1204,1.204,230,90.2
1201,1.201,230,90.2
1197,1.197,230,90.2
1195,1.195,230,90.2
1189,1.189,230,90.2
1190,1.19,230,90.2
1191,1.191,230,90.2
1195,1.195,230,90.2
1188,1.188,230,90.2
1196,1.196,230,90.2
1199,1.199,230,90.2
1196,1.196,230,90.2
1200,1.2,230,90.2
1196,1.196,230,90.2
1191,1.191,230,90.2
1200,1.2,230,90.2
1198,1.198,230,90.2
1200,1.2,230,90.2
1191,1.191,230,90.2
1191,1.191,230,90.2
1199,1.199,230,90.2
1196,1.196,230,90.2
1197,1.197,230,90.2
1206,1.206,230,90.2
1204,1.204,230,90.2
1204,1.204,230,90.2
1204,1.204,230,90.2
1199,1.199,230,90.2
1203,1.203,230,90.2
1202,1.202,230,90.2
1203,1.203,230,90.2
1205,1.205,230,90.2
1198,1.198,230,90.2
1201,1.201,230,90.2
1195,1.195,230,90.2
1201,1.201,230,90.2
1197,1.197,230,90.2
1199,1.199,230,90.2
1194,1.194,230,90.2
1194,1.194,230,90.2
1191,1.191,230,90.2
1191,1.191,230,90.2
1191,1.191,230,90.2
1196,1.196,230,90.2
1196,1.196,230,90.2
1199,1.199,230,90.2
1196,1.196,230,90.2
1197,1.197,230,90.2
1199,1.199,230,90.2
1209,1.209,230,90.2
1204,1.204,230,90.2
1203,1.203,230,90.2
1207,1.207,230,90.2
1205,1.205,230,90.2
1202,1.202,230,90.2
1206,1.206,230,90.2
1201,1.201,230,90.2
1209,1.209,230,90.2
1206,1.206,230,90.2
1207,1.207,230,90.2
1205,1.205,230,90.2
1206,1.206,230,90.2
1204,1.204,230,90.2
1205,1.205,230,90.2
1210,1.21,230,90.2
1203,1.203,230,90.2
1203,1.203,230,90.2
1197,1.197,230,90.2
1196,1.196,230,90.2
1196,1.196,230,90.2
1196,1.196,230,90.2
1195,1.195,230,90.2
1195,1.195,230,90.2
1197,1.197,230,90.2
1201,1.201,230,90.2
1203,1.203,230,90.2
1204,1.204,230,90.2
1198,1.198,230,90.2
1201,1.201,230,90.2
1197,1.197,230,90.2
1199,1.199,230,90.2
1201,1.201,230,90.2
1200,1.2,230,90.2
1200,1.2,230,90.2
1202,1.202,230,90.2
1198,1.198,230,90.2
1204,1.204,230,90.2
1199,1.199,230,90.2
1203,1.203,230,90.2
1200,1.2,230,90.2
1200,1.2,230,90.2
1202,1.202,230,90.2
1198,1.198,230,90.2
1200,1.2,230,90.2
1201,1.201,230,90.2
1202,1.202,230,90.2
1201,1.201,230,90.2
1197,1.197,230,90.2
1202,1.202,230,90.2
1200,1.2,230,90.2
1201,1.201,230,90.2
1198,1.198,230,90.2
1207,1.207,230,90.2
1209,1.209,230,90.2
1207,1.207,230,90.2
1210,1.21,230,90.2
1206,1.206,230,90.2
1206,1.206,230,90.2
1198,1.198,230,90.2
1196,1.196,230,90.2
1203,1.203,230,90.2
1200,1.2,230,90.2
1202,1.202,230,90.2
1206,1.206,230,90.2
1209,1.209,230,90.2
1209,1.209,230,90.2
1209,1.209,230,90.2
1199,1.199,230,90.2
1205,1.205,230,90.2
1200,1.2,230,90.2
1199,1.199,230,90.2
1201,1.201,230,90.2
1199,1.199,230,90.2
1198,1.198,230,90.2
1203,1.203,230,90.2
1202,1.202,230,90.2
1198,1.198,230,90.2
1198,1.198,230,90.2
1145,1.145,250,98.0
1129,1.129,250,98.0
1119,1.119,250,98.0
1113,1.113,250,98.0
1104,1.104,250,98.0
1098,1.098,250,98.0
1098,1.098,250,98.0
1099,1.099,250,98.0
1100,1.1,250,98.0
1101,1.101,250,98.0
1104,1.104,250,98.0
1110,1.11,250,98.0
1113,1.113,250,98.0
1112,1.112,250,98.0
1112,1.112,250,98.0
1108,1.108,250,98.0
1117,1.117,250,98.0
1116,1.116,250,98.0
1118,1.118,250,98.0
1110,1.11,250,98.0
1110,1.11,250,98.0
1114,1.114,250,98.0
1110,1.11,250,98.0
1112,1.112,250,98.0
1110,1.11,250,98.0
1109,1.109,250,98.0
1111,1.111,250,98.0
1112,1.112,250,98.0
1130,1.13,250,98.0
1111,1.111,250,98.0
1110,1.11,250,98.0
1104,1.104,250,98.0
1106,1.106,250,98.0
1110,1.11,250,98.0
1101,1.101,250,98.0
1107,1.107,250,98.0
1106,1.106,250,98.0
1106,1.106,250,98.0
1112,1.112,250,98.0
1106,1.106,250,98.0
1104,1.104,250,98.0
1105,1.105,250,98.0
1108,1.108,250,98.0
1115,1.115,250,98.0
1120,1.12,250,98.0
1111,1.111,250,98.0
1108,1.108,250,98.0
1113,1.113,250,98.0
1113,1.113,250,98.0
1118,1.118,250,98.0
1112,1.112,250,98.0
1122,1.122,250,98.0
1115,1.115,250,98.0
1123,1.123,250,98.0
1113,1.113,250,98.0
1104,1.104,250,98.0
1110,1.11,250,98.0
1109,1.109,250,98.0
1115,1.115,250,98.0
1116,1.116,250,98.0
1104,1.104,250,98.0
1107,1.107,250,98.0
1108,1.108,250,98.0
1107,1.107,250,98.0
1109,1.109,250,98.0
1100,1.1,250,98.0
1101,1.101,250,98.0
1110,1.11,250,98.0
1108,1.108,250,98.0
1108,1.108,250,98.0
1109,1.109,250,98.0
1104,1.104,250,98.0
1114,1.114,250,98.0
1114,1.114,250,98.0
1115,1.115,250,98.0
1114,1.114,250,98.0
1106,1.106,250,98.0
1118,1.118,250,98.0
1114,1.114,250,98.0
1111,1.111,250,98.0
1110,1.11,250,98.0
1110,1.11,250,98.0
1114,1.114,250,98.0
1115,1.115,250,98.0
1109,1.109,250,98.0
1109,1.109,250,98.0
1111,1.111,250,98.0
1109,1.109,250,98.0
1115,1.115,250,98.0
1116,1.116,250,98.0
1114,1.114,250,98.0
1110,1.11,250,98.0
1111,1.111,250,98.0
1114,1.114,250,98.0
1111,1.111,250,98.0
1117,1.117,250,98.0
1110,1.11,250,98.0
1109,1.109,250,98.0
1110,1.11,250,98.0
1115,1.115,250,98.0
1120,1.12,250,98.0
1115,1.115,250,98.0
1109,1.109,250,98.0
1114,1.114,250,98.0
1114,1.114,250,98.0
1115,1.115,250,98.0
1122,1.122,250,98.0
1117,1.117,250,98.0
1115,1.115,250,98.0
1121,1.121,250,98.0
1124,1.124,250,98.0
1119,1.119,250,98.0
1111,1.111,250,98.0
1108,1.108,250,98.0
1110,1.11,250,98.0
1119,1.119,250,98.0
1122,1.122,250,98.0
1123,1.123,250,98.0
1114,1.114,250,98.0
1119,1.119,250,98.0
1118,1.118,250,98.0
1128,1.128,250,98.0
1121,1.121,250,98.0
1127,1.127,250,98.0
1124,1.124,250,98.0
1130,1.13,250,98.0
1126,1.126,250,98.0
1128,1.128,250,98.0
1125,1.125,250,98.0
1120,1.12,250,98.0
1118,1.118,250,98.0
1119,1.119,250,98.0
1124,1.124,250,98.0
1127,1.127,250,98.0
1121,1.121,250,98.0
1126,1.126,250,98.0
1120,1.12,250,98.0
1121,1.121,250,98.0
1124,1.124,250,98.0
1119,1.119,250,98.0
1116,1.116,250,98.0
1118,1.118,250,98.0
1122,1.122,250,98.0
1121,1.121,250,98.0
1119,1.119,250,98.0
1112,1.112,250,98.0
1116,1.116,250,98.0
1118,1.118,250,98.0
1117,1.117,250,98.0
1119,1.119,250,98.0
1118,1.118,250,98.0
1115,1.115,250,98.0
1130,1.13,250,98.0
1130,1.13,250,98.0
1136,1.136,250,98.0
1132,1.132,250,98.0
1130,1.13,250,98.0
1125,1.125,250,98.0
1125,1.125,250,98.0
1127,1.127,250,98.0
1125,1.125,250,98.0
1126,1.126,250,98.0
1128,1.128,250,98.0
1128,1.128,250,98.0
1123,1.123,250,98.0
1127,1.127,250,98.0
1127,1.127,250,98.0
1122,1.122,250,98.0
1119,1.119,250,98.0
1119,1.119,250,98.0
1120,1.12,250,98.0
1128,1.128,250,98.0
1123,1.123,250,98.0
1123,1.123,250,98.0
1118,1.118,250,98.0
1119,1.119,250,98.0
1123,1.123,250,98.0
1130,1.13,250,98.0
1125,1.125,250,98.0
1120,1.12,250,98.0
1117,1.117,250,98.0
1119,1.119,250,98.0
1127,1.127,250,98.0
1128,1.128,250,98.0
1129,1.129,250,98.0
1122,1.122,250,98.0
1125,1.125,250,98.0
1124,1.124,250,98.0
1129,1.129,250,98.0
1129,1.129,250,98.0
1139,1.139,250,98.0
1140,1.14,250,98.0
1133,1.133,250,98.0
1125,1.125,250,98.0
1120,1.12,250,98.0
1122,1.122,250,98.0
1122,1.122,250,98.0
1127,1.127,250,98.0
1142,1.142,250,98.0
1133,1.133,250,98.0
1125,1.125,250,98.0
1125,1.125,250,98.0
1122,1.122,250,98.0
1121,1.121,250,98.0
1124,1.124,250,98.0
1122,1.122,250,98.0
1133,1.133,250,98.0
1133,1.133,250,98.0
1131,1.131,250,98.0
1133,1.133,250,98.0
1130,1.13,250,98.0
1132,1.132,250,98.0
1131,1.131,250,98.0
1128,1.128,250,98.0
1131,1.131,250,98.0
1124,1.124,250,98.0
1119,1.119,250,98.0
1121,1.121,250,98.0
1123,1.123,250,98.0
1126,1.126,250,98.0
1127,1.127,250,98.0
1124,1.124,250,98.0
1117,1.117,250,98.0
1122,1.122,250,98.0
1125,1.125,250,98.0
1122,1.122,250,98.0
1132,1.132,250,98.0
1128,1.128,250,98.0
1129,1.129,250,98.0
1122,1.122,250,98.0
1128,1.128,250,98.0
1127,1.127,250,98.0
1124,1.124,250,98.0
1128,1.128,250,98.0
1126,1.126,250,98.0
1133,1.133,250,98.0
1131,1.131,255,100.0
1130,1.13,255,100.0
1124,1.124,255,100.0
1122,1.122,255,100.0
1122,1.122,255,100.0
1123,1.123,255,100.0
1122,1.122,255,100.0
1121,1.121,255,100.0
1115,1.115,255,100.0
1109,1.109,255,100.0
1116,1.116,255,100.0
1128,1.128,255,100.0
1126,1.126,255,100.0
1109,1.109,255,100.0
1112,1.112,255,100.0
1112,1.112,255,100.0
1122,1.122,255,100.0
1116,1.116,255,100.0
1117,1.117,255,100.0
1111,1.111,255,100.0
1113,1.113,255,100.0
1118,1.118,255,100.0
1124,1.124,255,100.0
1116,1.116,255,100.0
1115,1.115,255,100.0
1110,1.11,255,100.0
1116,1.116,255,100.0
1119,1.119,255,100.0
1119,1.119,255,100.0
1118,1.118,255,100.0
1118,1.118,255,100.0
1108,1.108,255,100.0
1119,1.119,255,100.0
1120,1.12,255,100.0
1118,1.118,255,100.0
1113,1.113,255,100.0
1113,1.113,255,100.0
1113,1.113,255,100.0
1120,1.12,255,100.0
1117,1.117,255,100.0
1118,1.118,255,100.0
1107,1.107,255,100.0
1126,1.126,255,100.0
1116,1.116,255,100.0
1114,1.114,255,100.0
1112,1.112,255,100.0
1114,1.114,255,100.0
1110,1.11,255,100.0
1109,1.109,255,100.0
1116,1.116,255,100.0
1121,1.121,255,100.0
1119,1.119,255,100.0
1115,1.115,255,100.0
1114,1.114,255,100.0
1124,1.124,255,100.0
1122,1.122,255,100.0
1121,1.121,255,100.0
1116,1.116,255,100.0
1116,1.116,255,100.0
1119,1.119,255,100.0
1123,1.123,255,100.0
1115,1.115,255,100.0
1115,1.115,255,100.0
1108,1.108,255,100.0
1112,1.112,255,100.0
1112,1.112,255,100.0
1115,1.115,255,100.0
1120,1.12,255,100.0
1111,1.111,255,100.0
1111,1.111,255,100.0
1111,1.111,255,100.0
1115,1.115,255,100.0
1117,1.117,255,100.0
1117,1.117,255,100.0
1117,1.117,255,100.0
1118,1.118,255,100.0
1125,1.125,255,100.0
1117,1.117,255,100.0
1118,1.118,255,100.0
1108,1.108,255,100.0
1116,1.116,255,100.0
1111,1.111,255,100.0
1125,1.125,255,100.0
1119,1.119,255,100.0
1122,1.122,255,100.0
1112,1.112,255,100.0
1112,1.112,255,100.0
1118,1.118,255,100.0
1119,1.119,255,100.0
1114,1.114,255,100.0
1110,1.11,255,100.0
1111,1.111,255,100.0
1108,1.108,255,100.0
1107,1.107,255,100.0
1112,1.112,255,100.0
1109,1.109,255,100.0
1113,1.113,255,100.0
1110,1.11,255,100.0
1128,1.128,255,100.0
1120,1.12,255,100.0
1125,1.125,255,100.0
1113,1.113,255,100.0
1112,1.112,255,100.0
1117,1.117,255,100.0
1120,1.12,255,100.0
1114,1.114,255,100.0
1114,1.114,255,100.0
1110,1.11,255,100.0
1108,1.108,255,100.0
1116,1.116,255,100.0
1114,1.114,255,100.0
1115,1.115,255,100.0
1113,1.113,255,100.0
1108,1.108,255,100.0
1113,1.113,255,100.0
1113,1.113,255,100.0
1118,1.118,255,100.0
1111,1.111,255,100.0
1109,1.109,255,100.0
1108,1.108,255,100.0
1113,1.113,255,100.0
1116,1.116,255,100.0
1113,1.113,255,100.0
1109,1.109,255,100.0
1109,1.109,255,100.0
1114,1.114,255,100.0
1114,1.114,255,100.0
1113,1.113,255,100.0
1109,1.109,255,100.0
1109,1.109,255,100.0
1126,1.126,255,100.0
1123,1.123,255,100.0
1124,1.124,255,100.0
1114,1.114,255,100.0
1115,1.115,255,100.0
1107,1.107,255,100.0
1119,1.119,255,100.0
1117,1.117,255,100.0
1113,1.113,255,100.0
1116,1.116,255,100.0
1123,1.123,255,100.0
1125,1.125,255,100.0
1124,1.124,255,100.0
1119,1.119,255,100.0
1112,1.112,255,100.0
1112,1.112,255,100.0
1115,1.115,255,100.0
1118,1.118,255,100.0
1114,1.114,255,100.0
1111,1.111,255,100.0
1108,1.108,255,100.0
1109,1.109,255,100.0
1117,1.117,255,100.0
1118,1.118,255,100.0
1113,1.113,255,100.0
1113,1.113,255,100.0
1117,1.117,255,100.0
1129,1.129,255,100.0
1123,1.123,255,100.0
1120,1.12,255,100.0
1118,1.118,255,100.0
1118,1.118,255,100.0
1117,1.117,255,100.0
1118,1.118,255,100.0
1111,1.111,255,100.0
1114,1.114,255,100.0
1114,1.114,255,100.0
1120,1.12,255,100.0
1118,1.118,255,100.0
1119,1.119,255,100.0
1118,1.118,255,100.0
1110,1.11,255,100.0
1108,1.108,255,100.0
1116,1.116,255,100.0
1114,1.114,255,100.0
1109,1.109,255,100.0
1110,1.11,255,100.0
1114,1.114,255,100.0
1114,1.114,255,100.0
1117,1.117,255,100.0
1116,1.116,255,100.0
1115,1.115,255,100.0
1108,1.108,255,100.0
1122,1.122,255,100.0
1122,1.122,255,100.0
1128,1.128,255,100.0
1125,1.125,255,100.0
1122,1.122,255,100.0
1119,1.119,255,100.0
1124,1.124,255,100.0
1118,1.118,255,100.0
1125,1.125,255,100.0
1119,1.119,255,100.0
1127,1.127,255,100.0
1121,1.121,255,100.0
1126,1.126,255,100.0
1123,1.123,255,100.0
1114,1.114,255,100.0
1112,1.112,255,100.0
1114,1.114,255,100.0
1114,1.114,255,100.0
1112,1.112,255,100.0
1108,1.108,255,100.0
1108,1.108,255,100.0
1119,1.119,255,100.0
1109,1.109,255,100.0
1110,1.11,255,100.0
1116,1.116,255,100.0
1116,1.116,255,100.0
1121,1.121,255,100.0
1118,1.118,255,100.0
1123,1.123,255,100.0
1116,1.116,255,100.0
1119,1.119,255,100.0
1116,1.116,255,100.0
1121,1.121,255,100.0
1120,1.12,255,100.0
1119,1.119,255,100.0
1109,1.109,255,100.0
1114,1.114,255,100.0
1116,1.116,255,100.0
1121,1.121,255,100.0
1115,1.115,255,100.0
1109,1.109,255,100.0
1106,1.106,255,100.0
1104,1.104,255,100.0
1110,1.11,255,100.0
1112,1.112,255,100.0
1108,1.108,255,100.0
1116,1.116,255,100.0
1109,1.109,255,100.0
1115,1.115,255,100.0
1113,1.113,255,100.0
1117,1.117,255,100.0
1112,1.112,255,100.0
1119,1.119,255,100.0
1118,1.118,255,100.0
1125,1.125,255,100.0
1124,1.124,255,100.0
1122,1.122,255,100.0
1120,1.12,255,100.0
1125,1.125,255,100.0
1125,1.125,255,100.0
1123,1.123,255,100.0
1123,1.123,255,100.0
1118,1.118,255,100.0
1117,1.117,255,100.0
